state,session_year,fy,scheduled_adjourn,actual_adjourn,overrun_days,precision,signed_date,days_late,scheduled_edition,actual_edition,source
Alabama,2015,2016,2015-06-15,2015-06-04,-11,exact,2015-09-17,-14,2014-11-07,2015-12-21,"NCSL Legislative Session Calendar, early vs post-session edition of the same year"
Alabama,2016,2017,2016-04-05,2016-05-03,28,approx,2016-04-21,-163,2015-11-02,2018-01-17,"NCSL Legislative Session Calendar, early vs post-session edition of the same year"
Alabama,2018,2019,2018-04-24,2018-03-29,-26,exact,2018-04-02,-182,2018-01-10,2018-09-19,"NCSL Legislative Session Calendar, early vs post-session edition of the same year"
Alabama,2019,2020,2019-06-18,2019-05-31,-18,exact,2019-06-15,-108,2019-01-03,2019-10-03,"NCSL Legislative Session Calendar, early vs post-session edition of the same year"
Alabama,2020,2021,2020-05-19,2020-05-18,-1,exact,2020-05-18,-136,2020-03-17,2020-12-31,"NCSL Legislative Session Calendar, early vs post-session edition of the same year"
Alabama,2021,2022,2021-05-18,2021-05-17,-1,exact,2021-05-01,-153,2020-12-01,2021-12-30,"NCSL Legislative Session Calendar, early vs post-session edition of the same year"
Alabama,2022,2023,2022-05-20,2022-04-07,-43,exact,2022-04-14,-170,2021-10-26,2022-12-12,"NCSL Legislative Session Calendar, early vs post-session edition of the same year"
Alabama,2023,2024,2023-06-08,2023-06-06,-2,exact,2023-06-01,-122,2022-11-07,2023-11-13,"NCSL Legislative Session Calendar, early vs post-session edition of the same year"
Alabama,2024,2025,2024-05-20,2024-05-09,-11,exact,2024-05-15,-139,2024-01-22,2024-12-11,"NCSL Legislative Session Calendar, early vs post-session edition of the same year"
Alabama,2025,2026,2025-05-15,2025-05-14,-1,exact,2025-05-05,-149,2024-11-08,2025-12-22,"NCSL Legislative Session Calendar, early vs post-session edition of the same year"
Alabama,2026,2027,2026-03-27,2026-04-09,13,exact,2026-04-09,-175,2026-01-05,2026-07-06,"NCSL Legislative Session Calendar, early vs post-session edition of the same year"
Alaska,2015,2016,2015-04-19,2015-04-28,9,exact,2015-06-29,-2,2014-11-07,2015-12-21,"NCSL Legislative Session Calendar, early vs post-session edition of the same year"
Alaska,2016,2017,2016-04-17,2016-05-18,31,exact,2016-06-28,-3,2015-11-02,2018-01-17,"NCSL Legislative Session Calendar, early vs post-session edition of the same year"
Alaska,2018,2019,2018-04-16,2018-05-13,27,exact,2018-06-13,-18,2018-01-10,2018-09-19,"NCSL Legislative Session Calendar, early vs post-session edition of the same year"
Alaska,2019,2020,2019-04-14,2019-05-15,31,exact,2019-06-28,-3,2019-01-03,2019-10-03,"NCSL Legislative Session Calendar, early vs post-session edition of the same year"
Alaska,2020,2021,2020-05-20,2020-05-20,0,exact,2020-04-06,-86,2020-03-17,2020-12-31,"NCSL Legislative Session Calendar, early vs post-session edition of the same year"
Alaska,2021,2022,2021-04-19,2021-05-19,30,exact,2021-07-01,0,2020-12-01,2021-12-30,"NCSL Legislative Session Calendar, early vs post-session edition of the same year"
Alaska,2022,2023,2022-05-17,2022-05-18,1,exact,2022-06-28,-3,2021-10-26,2022-12-12,"NCSL Legislative Session Calendar, early vs post-session edition of the same year"
Alaska,2023,2024,2023-04-17,2023-05-17,30,exact,2023-06-19,-12,2022-11-07,2023-11-13,"NCSL Legislative Session Calendar, early vs post-session edition of the same year"
Alaska,2024,2025,2024-05-15,2024-05-15,0,exact,2024-06-28,-3,2024-01-22,2024-12-11,"NCSL Legislative Session Calendar, early vs post-session edition of the same year"
Alaska,2025,2026,2025-05-21,2025-05-20,-1,exact,2025-06-12,-19,2024-11-08,2025-12-22,"NCSL Legislative Session Calendar, early vs post-session edition of the same year"
Alaska,2026,2027,2026-05-20,2026-05-20,0,exact,2026-06-24,-7,2026-01-05,2026-07-06,"NCSL Legislative Session Calendar, early vs post-session edition of the same year"
Arizona,2015,2016,2015-04-15,2015-04-03,-12,approx,2015-03-12,-111,2014-11-07,2015-12-21,"NCSL Legislative Session Calendar, early vs post-session edition of the same year"
Arizona,2016,2017,2016-04-05,2016-05-07,32,approx,2016-05-10,-52,2015-11-02,2018-01-17,"NCSL Legislative Session Calendar, early vs post-session edition of the same year"
Arizona,2018,2019,2018-04-21,2018-05-04,13,exact,2018-05-03,-59,2018-01-10,2018-09-19,"NCSL Legislative Session Calendar, early vs post-session edition of the same year"
Arizona,2019,2020,2019-04-25,2019-05-28,33,approx,2019-05-31,-31,2019-01-03,2019-10-03,"NCSL Legislative Session Calendar, early vs post-session edition of the same year"
Arizona,2020,2021,2020-04-25,2020-05-26,31,exact,2020-03-28,-95,2020-03-17,2020-12-31,"NCSL Legislative Session Calendar, early vs post-session edition of the same year"
Arizona,2021,2022,2021-04-23,2021-06-30,68,exact,2021-06-30,-1,2020-12-01,2021-12-30,"NCSL Legislative Session Calendar, early vs post-session edition of the same year"
Arizona,2022,2023,2022-04-22,2022-06-24,63,exact,2022-06-28,-3,2021-10-26,2022-12-12,"NCSL Legislative Session Calendar, early vs post-session edition of the same year"
Arizona,2023,2024,2023-04-22,2023-07-31,100,exact,2023-05-11,-51,2022-11-07,2023-11-13,"NCSL Legislative Session Calendar, early vs post-session edition of the same year"
Arizona,2024,2025,2024-04-20,2024-06-15,56,exact,2024-06-18,-13,2024-01-22,2024-12-11,"NCSL Legislative Session Calendar, early vs post-session edition of the same year"
Arizona,2025,2026,2025-04-23,2025-06-27,65,exact,2025-06-27,-4,2024-11-08,2025-12-22,"NCSL Legislative Session Calendar, early vs post-session edition of the same year"
Arizona,2026,2027,2026-04-25,2026-06-13,49,exact,2026-06-13,-18,2026-01-05,2026-07-06,"NCSL Legislative Session Calendar, early vs post-session edition of the same year"
Arkansas,2015,2016,2015-03-12,2015-04-22,41,exact,2015-04-15,-77,2014-11-07,2015-12-21,"NCSL Legislative Session Calendar, early vs post-session edition of the same year"
Arkansas,2016,2017,2016-05-12,2016-05-09,-3,exact,2016-04-15,-77,2015-11-02,2018-01-17,"NCSL Legislative Session Calendar, early vs post-session edition of the same year"
Arkansas,2017,2018,2017-05-19,2017-05-01,-18,exact,2017-04-15,-77,2017-04-24,2017-12-06,"NCSL Legislative Session Calendar, early vs post-session edition of the same year"
Arkansas,2018,2019,2018-03-14,2018-03-12,-2,exact,2018-03-15,-108,2018-01-10,2018-09-19,"NCSL Legislative Session Calendar, early vs post-session edition of the same year"
Arkansas,2019,2020,2019-03-14,2019-04-24,41,exact,2019-04-17,-75,2019-01-03,2019-10-03,"NCSL Legislative Session Calendar, early vs post-session edition of the same year"
Arkansas,2020,2021,2020-05-07,2020-04-24,-13,exact,2020-04-20,-72,2020-03-17,2020-12-31,"NCSL Legislative Session Calendar, early vs post-session edition of the same year"
Arkansas,2021,2022,2021-03-12,2021-10-15,217,exact,2021-04-15,-77,2020-12-01,2021-12-30,"NCSL Legislative Session Calendar, early vs post-session edition of the same year"
Arkansas,2022,2023,2022-03-15,2022-03-15,0,exact,2022-03-15,-108,2021-10-26,2022-12-12,"NCSL Legislative Session Calendar, early vs post-session edition of the same year"
Arkansas,2023,2024,2023-03-10,2023-05-01,52,exact,2023-04-15,-77,2022-11-07,2023-11-13,"NCSL Legislative Session Calendar, early vs post-session edition of the same year"
Arkansas,2024,2025,2024-05-09,2024-05-09,0,exact,2024-05-03,-59,2024-01-22,2024-12-11,"NCSL Legislative Session Calendar, early vs post-session edition of the same year"
Arkansas,2025,2026,2025-05-09,2025-05-05,-4,exact,2025-04-15,-77,2024-11-08,2025-12-22,"NCSL Legislative Session Calendar, early vs post-session edition of the same year"
Arkansas,2026,2027,2026-05-07,2026-04-29,-8,exact,2026-04-29,-63,2026-01-05,2026-07-06,"NCSL Legislative Session Calendar, early vs post-session edition of the same year"
California,2015,2016,2015-09-11,2015-09-11,0,exact,2015-06-24,-7,2014-11-07,2015-12-21,"NCSL Legislative Session Calendar, early vs post-session edition of the same year"
California,2016,2017,2016-08-31,2016-08-31,0,exact,2016-06-27,-4,2015-11-02,2018-01-17,"NCSL Legislative Session Calendar, early vs post-session edition of the same year"
California,2017,2018,2017-09-15,2017-09-15,0,exact,2017-06-27,-4,2017-04-24,2017-12-06,"NCSL Legislative Session Calendar, early vs post-session edition of the same year"
California,2018,2019,2018-08-31,2018-08-31,0,exact,2018-06-27,-4,2018-01-10,2018-09-19,"NCSL Legislative Session Calendar, early vs post-session edition of the same year"
California,2019,2020,2019-09-13,2019-09-13,0,exact,2019-06-27,-4,2019-01-03,2019-10-03,"NCSL Legislative Session Calendar, early vs post-session edition of the same year"
California,2020,2021,2020-11-30,2020-08-31,-91,exact,2020-06-29,-2,2020-03-17,2020-12-31,"NCSL Legislative Session Calendar, early vs post-session edition of the same year"
California,2021,2022,2021-09-10,2021-09-10,0,exact,2021-07-12,11,2020-12-01,2021-12-30,"NCSL Legislative Session Calendar, early vs post-session edition of the same year"
California,2022,2023,2022-08-31,2022-08-31,0,exact,2022-06-30,-1,2021-10-26,2022-12-12,"NCSL Legislative Session Calendar, early vs post-session edition of the same year"
California,2023,2024,2023-09-08,2023-09-14,6,exact,2023-06-27,-4,2022-11-07,2023-11-13,"NCSL Legislative Session Calendar, early vs post-session edition of the same year"
California,2024,2025,2024-08-30,2024-08-31,1,exact,2024-06-29,-2,2024-01-22,2024-12-11,"NCSL Legislative Session Calendar, early vs post-session edition of the same year"
California,2025,2026,2025-09-12,2025-09-13,1,exact,2025-06-27,-4,2024-11-08,2025-12-22,"NCSL Legislative Session Calendar, early vs post-session edition of the same year"
Colorado,2015,2016,2015-05-06,2015-05-06,0,exact,2015-04-24,-68,2014-11-07,2015-12-21,"NCSL Legislative Session Calendar, early vs post-session edition of the same year"
Colorado,2016,2017,2016-05-11,2016-05-11,0,exact,2016-05-03,-59,2015-11-02,2018-01-17,"NCSL Legislative Session Calendar, early vs post-session edition of the same year"
Colorado,2017,2018,2017-05-10,2017-05-10,0,exact,2017-05-26,-36,2017-04-24,2017-12-06,"NCSL Legislative Session Calendar, early vs post-session edition of the same year"
Colorado,2018,2019,2018-05-10,2018-05-09,-1,exact,2018-04-30,-62,2018-01-10,2018-09-19,"NCSL Legislative Session Calendar, early vs post-session edition of the same year"
Colorado,2019,2020,2019-05-03,2019-05-03,0,exact,2019-04-18,-74,2019-01-03,2019-10-03,"NCSL Legislative Session Calendar, early vs post-session edition of the same year"
Colorado,2020,2021,2020-05-07,2020-06-15,39,exact,2020-06-22,-9,2020-03-17,2020-12-31,"NCSL Legislative Session Calendar, early vs post-session edition of the same year"
Colorado,2021,2022,2021-05-13,2021-06-08,26,exact,2021-05-17,-45,2020-12-01,2021-12-30,"NCSL Legislative Session Calendar, early vs post-session edition of the same year"
Colorado,2022,2023,2022-05-12,2022-05-11,-1,exact,2022-04-25,-67,2021-10-26,2022-12-12,"NCSL Legislative Session Calendar, early vs post-session edition of the same year"
Colorado,2023,2024,2023-05-09,2023-05-09,0,exact,2023-05-01,-61,2022-11-07,2023-11-13,"NCSL Legislative Session Calendar, early vs post-session edition of the same year"
Colorado,2024,2025,2024-05-08,2024-05-08,0,exact,2024-04-29,-63,2024-01-22,2024-12-11,"NCSL Legislative Session Calendar, early vs post-session edition of the same year"
Colorado,2025,2026,2025-05-08,2025-05-07,-1,exact,2025-04-28,-64,2024-11-08,2025-12-22,"NCSL Legislative Session Calendar, early vs post-session edition of the same year"
Colorado,2026,2027,2026-05-13,2026-05-13,0,exact,2026-05-08,-54,2026-01-05,2026-07-06,"NCSL Legislative Session Calendar, early vs post-session edition of the same year"
Connecticut,2015,2016,2015-06-03,2015-06-03,0,exact,2015-06-30,-1,2014-11-07,2015-12-21,"NCSL Legislative Session Calendar, early vs post-session edition of the same year"
Connecticut,2016,2017,2016-05-04,2016-05-04,0,exact,2016-07-01,0,2015-11-02,2018-01-17,"NCSL Legislative Session Calendar, early vs post-session edition of the same year"
Connecticut,2017,2018,2017-06-07,2017-06-07,0,exact,2017-10-31,122,2017-04-24,2017-12-06,"NCSL Legislative Session Calendar, early vs post-session edition of the same year"
Connecticut,2018,2019,2018-05-06,2018-05-09,3,exact,2018-05-15,-47,2018-01-10,2018-09-19,"NCSL Legislative Session Calendar, early vs post-session edition of the same year"
Connecticut,2019,2020,2019-06-05,2019-06-05,0,exact,2019-06-26,-5,2019-01-03,2019-10-03,"NCSL Legislative Session Calendar, early vs post-session edition of the same year"
Connecticut,2021,2022,2021-06-09,2021-06-09,0,exact,2021-06-23,-8,2020-12-01,2021-12-30,"NCSL Legislative Session Calendar, early vs post-session edition of the same year"
Connecticut,2022,2023,2022-05-04,2022-05-04,0,exact,2022-05-09,-53,2021-10-26,2022-12-12,"NCSL Legislative Session Calendar, early vs post-session edition of the same year"
Connecticut,2023,2024,2023-06-07,2023-06-07,0,exact,2023-06-12,-19,2022-11-07,2023-11-13,"NCSL Legislative Session Calendar, early vs post-session edition of the same year"
Connecticut,2025,2026,2025-06-04,2025-06-04,0,exact,2025-06-30,-1,2024-11-08,2025-12-22,"NCSL Legislative Session Calendar, early vs post-session edition of the same year"
Connecticut,2026,2027,2026-05-06,2026-05-06,0,exact,2026-05-26,-36,2026-01-05,2026-07-06,"NCSL Legislative Session Calendar, early vs post-session edition of the same year"
Delaware,2015,2016,2015-06-30,2015-06-30,0,exact,2015-07-01,0,2014-11-07,2015-12-21,"NCSL Legislative Session Calendar, early vs post-session edition of the same year"
Delaware,2016,2017,2016-06-30,2016-06-30,0,exact,2016-07-01,0,2015-11-02,2018-01-17,"NCSL Legislative Session Calendar, early vs post-session edition of the same year"
Delaware,2017,2018,2017-06-30,2017-07-01,1,exact,2017-07-03,2,2017-04-24,2017-12-06,"NCSL Legislative Session Calendar, early vs post-session edition of the same year"
Delaware,2018,2019,2018-06-30,2018-07-01,1,exact,2018-06-28,-3,2018-01-10,2018-09-19,"NCSL Legislative Session Calendar, early vs post-session edition of the same year"
Delaware,2019,2020,2019-06-30,2019-06-30,0,exact,2019-06-25,-6,2019-01-03,2019-10-03,"NCSL Legislative Session Calendar, early vs post-session edition of the same year"
Delaware,2020,2021,2020-06-30,2020-06-30,0,exact,2020-06-30,-1,2020-03-17,2020-12-31,"NCSL Legislative Session Calendar, early vs post-session edition of the same year"
Delaware,2021,2022,2021-06-30,2021-06-30,0,exact,2021-06-30,-1,2020-12-01,2021-12-30,"NCSL Legislative Session Calendar, early vs post-session edition of the same year"
Delaware,2022,2023,2022-06-30,2022-06-30,0,exact,2022-06-28,-3,2021-10-26,2022-12-12,"NCSL Legislative Session Calendar, early vs post-session edition of the same year"
Delaware,2024,2025,2024-06-30,2024-06-30,0,exact,2024-06-30,-1,2024-01-22,2024-12-11,"NCSL Legislative Session Calendar, early vs post-session edition of the same year"
Delaware,2025,2026,2025-06-30,2025-06-30,0,exact,2025-06-30,-1,2024-11-08,2025-12-22,"NCSL Legislative Session Calendar, early vs post-session edition of the same year"
Delaware,2026,2027,2026-06-30,2026-06-30,0,exact,2026-06-30,-1,2026-01-05,2026-07-06,"NCSL Legislative Session Calendar, early vs post-session edition of the same year"
Florida,2015,2016,2015-05-01,2015-05-01,0,exact,2015-06-23,-8,2014-11-07,2015-12-21,"NCSL Legislative Session Calendar, early vs post-session edition of the same year"
Florida,2016,2017,2016-03-11,2016-03-11,0,exact,2016-03-15,-108,2015-11-02,2018-01-17,"NCSL Legislative Session Calendar, early vs post-session edition of the same year"
Florida,2017,2018,2017-05-05,2017-05-08,3,exact,2017-06-02,-29,2017-04-24,2017-12-06,"NCSL Legislative Session Calendar, early vs post-session edition of the same year"
Florida,2018,2019,2018-03-09,2018-03-11,2,exact,2018-03-16,-107,2018-01-10,2018-09-19,"NCSL Legislative Session Calendar, early vs post-session edition of the same year"
Florida,2019,2020,2019-05-03,2019-05-04,1,exact,2019-06-21,-10,2019-01-03,2019-10-03,"NCSL Legislative Session Calendar, early vs post-session edition of the same year"
Florida,2021,2022,2021-04-30,2021-04-30,0,exact,2021-06-02,-29,2020-12-01,2021-12-30,"NCSL Legislative Session Calendar, early vs post-session edition of the same year"
Florida,2022,2023,2022-03-11,2022-03-14,3,exact,2022-06-02,-29,2021-10-26,2022-12-12,"NCSL Legislative Session Calendar, early vs post-session edition of the same year"
Florida,2023,2024,2023-05-05,2023-05-05,0,exact,2023-06-15,-16,2022-11-07,2023-11-13,"NCSL Legislative Session Calendar, early vs post-session edition of the same year"
Florida,2024,2025,2024-03-08,2024-03-08,0,exact,2024-06-12,-19,2024-01-22,2024-12-11,"NCSL Legislative Session Calendar, early vs post-session edition of the same year"
Florida,2025,2026,2025-05-02,2025-06-16,45,exact,2025-06-30,-1,2024-11-08,2025-12-22,"NCSL Legislative Session Calendar, early vs post-session edition of the same year"
Florida,2026,2027,2026-03-13,2026-03-13,0,exact,2026-06-29,-2,2026-01-05,2026-07-06,"NCSL Legislative Session Calendar, early vs post-session edition of the same year"
Georgia,2015,2016,2015-04-05,2015-04-02,-3,approx,2015-05-11,-51,2014-11-07,2015-12-21,"NCSL Legislative Session Calendar, early vs post-session edition of the same year"
Georgia,2016,2017,2016-03-25,2016-03-25,0,approx,2016-05-02,-60,2015-11-02,2018-01-17,"NCSL Legislative Session Calendar, early vs post-session edition of the same year"
Georgia,2018,2019,2018-03-25,2018-03-29,4,approx,2018-05-02,-60,2018-01-10,2018-09-19,"NCSL Legislative Session Calendar, early vs post-session edition of the same year"
Georgia,2019,2020,2019-04-05,2019-04-02,-3,approx,2019-05-10,-52,2019-01-03,2019-10-03,"NCSL Legislative Session Calendar, early vs post-session edition of the same year"
Georgia,2020,2021,2020-03-27,2020-06-26,91,exact,2020-06-30,-1,2020-03-17,2020-12-31,"NCSL Legislative Session Calendar, early vs post-session edition of the same year"
Georgia,2021,2022,2021-04-02,2021-03-31,-2,exact,2021-05-10,-52,2020-12-01,2021-12-30,"NCSL Legislative Session Calendar, early vs post-session edition of the same year"
Georgia,2022,2023,2022-04-01,2022-04-04,3,exact,2022-05-12,-50,2021-10-26,2022-12-12,"NCSL Legislative Session Calendar, early vs post-session edition of the same year"
Georgia,2023,2024,2023-03-30,2023-03-29,-1,exact,2023-05-05,-57,2022-11-07,2023-11-13,"NCSL Legislative Session Calendar, early vs post-session edition of the same year"
Georgia,2024,2025,2024-03-28,2024-03-28,0,exact,2024-05-07,-55,2024-01-22,2024-12-11,"NCSL Legislative Session Calendar, early vs post-session edition of the same year"
Georgia,2025,2026,2025-04-02,2025-04-04,2,exact,2025-05-09,-53,2024-11-08,2025-12-22,"NCSL Legislative Session Calendar, early vs post-session edition of the same year"
Georgia,2026,2027,2026-04-06,2026-04-02,-4,exact,2026-03-03,-120,2026-01-05,2026-07-06,"NCSL Legislative Session Calendar, early vs post-session edition of the same year"
Hawaii,2015,2016,2015-05-05,2015-05-07,2,approx,2015-06-12,-19,2014-11-07,2015-12-21,"NCSL Legislative Session Calendar, early vs post-session edition of the same year"
Hawaii,2016,2017,2016-05-05,2016-05-05,0,approx,2016-06-23,-8,2015-11-02,2018-01-17,"NCSL Legislative Session Calendar, early vs post-session edition of the same year"
Hawaii,2017,2018,2017-05-05,2017-05-04,-1,approx,2017-06-21,-10,2017-04-24,2017-12-06,"NCSL Legislative Session Calendar, early vs post-session edition of the same year"
Hawaii,2018,2019,2018-05-05,2018-05-03,-2,approx,2018-06-22,-9,2018-01-10,2018-09-19,"NCSL Legislative Session Calendar, early vs post-session edition of the same year"
Hawaii,2019,2020,2019-05-02,2019-05-02,0,exact,2019-06-21,-10,2019-01-03,2019-10-03,"NCSL Legislative Session Calendar, early vs post-session edition of the same year"
Hawaii,2020,2021,2020-05-07,2020-07-10,64,exact,2020-07-06,5,2020-03-17,2020-12-31,"NCSL Legislative Session Calendar, early vs post-session edition of the same year"
Hawaii,2021,2022,2021-05-09,2021-04-29,-10,exact,2021-06-24,-7,2020-12-01,2021-12-30,"NCSL Legislative Session Calendar, early vs post-session edition of the same year"
Hawaii,2022,2023,2022-05-05,2022-05-05,0,exact,2022-07-07,6,2021-10-26,2022-12-12,"NCSL Legislative Session Calendar, early vs post-session edition of the same year"
Hawaii,2023,2024,2023-05-04,2023-05-04,0,exact,2023-06-30,-1,2022-11-07,2023-11-13,"NCSL Legislative Session Calendar, early vs post-session edition of the same year"
Hawaii,2024,2025,2024-05-02,2024-05-03,1,exact,2024-07-09,8,2024-01-22,2024-12-11,"NCSL Legislative Session Calendar, early vs post-session edition of the same year"
Hawaii,2025,2026,2025-05-02,2025-05-02,0,exact,2025-06-30,-1,2024-11-08,2025-12-22,"NCSL Legislative Session Calendar, early vs post-session edition of the same year"
Hawaii,2026,2027,2026-05-08,2026-05-08,0,exact,2026-06-26,-5,2026-01-05,2026-07-06,"NCSL Legislative Session Calendar, early vs post-session edition of the same year"
Idaho,2015,2016,2015-04-05,2015-04-11,6,approx,2015-04-15,-77,2014-11-07,2015-12-21,"NCSL Legislative Session Calendar, early vs post-session edition of the same year"
Idaho,2016,2017,2016-04-05,2016-03-25,-11,approx,2016-03-15,-108,2015-11-02,2018-01-17,"NCSL Legislative Session Calendar, early vs post-session edition of the same year"
Idaho,2018,2019,2018-04-05,2018-03-28,-8,approx,2018-03-28,-95,2018-01-10,2018-09-19,"NCSL Legislative Session Calendar, early vs post-session edition of the same year"
Idaho,2019,2020,2019-04-05,2019-04-11,6,approx,2019-04-11,-81,2019-01-03,2019-10-03,"NCSL Legislative Session Calendar, early vs post-session edition of the same year"
Idaho,2020,2021,2020-03-27,2020-03-20,-7,exact,2020-03-30,-93,2020-03-17,2020-12-31,"NCSL Legislative Session Calendar, early vs post-session edition of the same year"
Idaho,2021,2022,2021-04-02,2021-11-17,229,exact,2021-05-12,-50,2020-12-01,2021-12-30,"NCSL Legislative Session Calendar, early vs post-session edition of the same year"
Idaho,2022,2023,2022-04-04,2022-03-31,-4,exact,2022-03-31,-92,2021-10-26,2022-12-12,"NCSL Legislative Session Calendar, early vs post-session edition of the same year"
Idaho,2023,2024,2023-04-08,2023-04-06,-2,exact,2023-04-06,-86,2022-11-07,2023-11-13,"NCSL Legislative Session Calendar, early vs post-session edition of the same year"
Idaho,2024,2025,2024-03-29,2024-04-10,12,exact,2024-04-10,-82,2024-01-22,2024-12-11,"NCSL Legislative Session Calendar, early vs post-session edition of the same year"
Idaho,2025,2026,2025-04-26,2025-04-04,-22,exact,2025-04-10,-82,2024-11-08,2025-12-22,"NCSL Legislative Session Calendar, early vs post-session edition of the same year"
Idaho,2026,2027,2026-04-10,2026-04-02,-8,exact,2026-04-02,-90,2026-01-05,2026-07-06,"NCSL Legislative Session Calendar, early vs post-session edition of the same year"
Illinois,2025,2026,2025-05-31,2025-05-31,0,exact,2025-06-16,-15,2024-11-08,2025-12-22,"NCSL Legislative Session Calendar, early vs post-session edition of the same year"
Indiana,2015,2016,2015-04-29,2015-04-29,0,exact,2015-05-07,-55,2014-11-07,2015-12-21,"NCSL Legislative Session Calendar, early vs post-session edition of the same year"
Indiana,2017,2018,2017-04-29,2017-04-29,0,exact,2017-04-27,-65,2017-04-24,2017-12-06,"NCSL Legislative Session Calendar, early vs post-session edition of the same year"
Indiana,2019,2020,2019-04-29,2019-04-24,-5,exact,2019-04-29,-63,2019-01-03,2019-10-03,"NCSL Legislative Session Calendar, early vs post-session edition of the same year"
Indiana,2021,2022,2021-04-29,2021-11-15,200,exact,2021-04-29,-63,2020-12-01,2021-12-30,"NCSL Legislative Session Calendar, early vs post-session edition of the same year"
Indiana,2023,2024,2023-02-08,2023-04-28,79,exact,2023-05-05,-57,2022-11-07,2023-11-13,"NCSL Legislative Session Calendar, early vs post-session edition of the same year"
Indiana,2025,2026,2025-04-29,2025-04-24,-5,exact,2025-05-06,-56,2024-11-08,2025-12-22,"NCSL Legislative Session Calendar, early vs post-session edition of the same year"
Iowa,2015,2016,2015-05-01,2015-06-06,36,exact,2015-07-02,1,2014-11-07,2015-12-21,"NCSL Legislative Session Calendar, early vs post-session edition of the same year"
Iowa,2016,2017,2016-04-19,2016-04-29,10,exact,2016-05-27,-35,2015-11-02,2018-01-17,"NCSL Legislative Session Calendar, early vs post-session edition of the same year"
Iowa,2017,2018,2017-04-28,2017-04-28,0,exact,2017-05-12,-50,2017-04-24,2017-12-06,"NCSL Legislative Session Calendar, early vs post-session edition of the same year"
Iowa,2018,2019,2018-04-18,2018-05-07,19,exact,2018-06-01,-30,2018-01-10,2018-09-19,"NCSL Legislative Session Calendar, early vs post-session edition of the same year"
Iowa,2019,2020,2019-05-03,2019-04-27,-6,exact,2019-05-22,-40,2019-01-03,2019-10-03,"NCSL Legislative Session Calendar, early vs post-session edition of the same year"
Iowa,2020,2021,2020-04-21,2020-06-14,54,exact,2020-06-30,-1,2020-03-17,2020-12-31,"NCSL Legislative Session Calendar, early vs post-session edition of the same year"
Iowa,2021,2022,2021-04-30,2021-05-19,19,exact,2021-06-15,-16,2020-12-01,2021-12-30,"NCSL Legislative Session Calendar, early vs post-session edition of the same year"
Iowa,2022,2023,2022-04-21,2022-05-25,34,exact,2022-06-15,-16,2021-10-26,2022-12-12,"NCSL Legislative Session Calendar, early vs post-session edition of the same year"
Iowa,2023,2024,2023-05-17,2023-05-04,-13,exact,2023-06-01,-30,2022-11-07,2023-11-13,"NCSL Legislative Session Calendar, early vs post-session edition of the same year"
Iowa,2024,2025,2024-04-16,2024-04-20,4,exact,2024-05-09,-53,2024-01-22,2024-12-11,"NCSL Legislative Session Calendar, early vs post-session edition of the same year"
Iowa,2025,2026,2025-05-09,2025-05-15,6,exact,2025-05-10,-52,2024-11-08,2025-12-22,"NCSL Legislative Session Calendar, early vs post-session edition of the same year"
Iowa,2026,2027,2026-04-21,2026-05-03,12,exact,2026-06-02,-29,2026-01-05,2026-07-06,"NCSL Legislative Session Calendar, early vs post-session edition of the same year"
Kansas,2015,2016,2015-05-25,2015-06-12,18,approx,2015-06-16,-15,2014-11-07,2015-12-21,"NCSL Legislative Session Calendar, early vs post-session edition of the same year"
Kansas,2016,2017,2016-05-15,2016-06-01,17,approx,2016-05-18,-44,2015-11-02,2018-01-17,"NCSL Legislative Session Calendar, early vs post-session edition of the same year"
Kansas,2017,2018,2017-05-15,2017-06-26,42,approx,2017-06-25,-6,2017-04-24,2017-12-06,"NCSL Legislative Session Calendar, early vs post-session edition of the same year"
Kansas,2018,2019,2018-04-08,2018-05-05,27,exact,2018-05-15,-47,2018-01-10,2018-09-19,"NCSL Legislative Session Calendar, early vs post-session edition of the same year"
Kansas,2019,2020,2019-05-15,2019-05-29,14,approx,2019-05-20,-42,2019-01-03,2019-10-03,"NCSL Legislative Session Calendar, early vs post-session edition of the same year"
Kansas,2020,2021,2020-04-03,2020-05-22,49,exact,2020-03-25,-98,2020-03-17,2020-12-31,"NCSL Legislative Session Calendar, early vs post-session edition of the same year"
Kansas,2021,2022,2021-05-14,2021-05-26,12,exact,2021-04-26,-66,2020-12-01,2021-12-30,"NCSL Legislative Session Calendar, early vs post-session edition of the same year"
Kansas,2022,2023,2022-04-08,2022-05-23,45,exact,2022-04-20,-72,2021-10-26,2022-12-12,"NCSL Legislative Session Calendar, early vs post-session edition of the same year"
Kansas,2023,2024,2023-05-12,2023-04-28,-14,exact,2023-04-21,-71,2022-11-07,2023-11-13,"NCSL Legislative Session Calendar, early vs post-session edition of the same year"
Kansas,2024,2025,2024-05-17,2024-04-30,-17,exact,2024-04-24,-68,2024-01-22,2024-12-11,"NCSL Legislative Session Calendar, early vs post-session edition of the same year"
Kansas,2025,2026,2025-04-12,2025-04-11,-1,exact,2025-04-09,-83,2024-11-08,2025-12-22,"NCSL Legislative Session Calendar, early vs post-session edition of the same year"
Kansas,2026,2027,2026-04-10,2026-04-10,0,exact,2026-04-08,-84,2026-01-05,2026-07-06,"NCSL Legislative Session Calendar, early vs post-session edition of the same year"
Kentucky,2016,2017,2016-04-12,2016-04-15,3,exact,2016-04-27,-65,2015-11-02,2018-01-17,"NCSL Legislative Session Calendar, early vs post-session edition of the same year"
Kentucky,2018,2019,2018-04-15,2018-04-14,-1,exact,2018-04-13,-79,2018-01-10,2018-09-19,"NCSL Legislative Session Calendar, early vs post-session edition of the same year"
Kentucky,2020,2021,2020-04-15,2020-04-15,0,exact,2020-04-15,-77,2020-03-17,2020-12-31,"NCSL Legislative Session Calendar, early vs post-session edition of the same year"
Kentucky,2021,2022,2021-03-30,2021-03-30,0,exact,2021-03-29,-94,2020-12-01,2021-12-30,"NCSL Legislative Session Calendar, early vs post-session edition of the same year"
Kentucky,2022,2023,2022-04-15,2022-04-14,-1,exact,2022-04-13,-79,2021-10-26,2022-12-12,"NCSL Legislative Session Calendar, early vs post-session edition of the same year"
Kentucky,2024,2025,2024-04-15,2024-04-15,0,exact,2024-04-09,-83,2024-01-22,2024-12-11,"NCSL Legislative Session Calendar, early vs post-session edition of the same year"
Kentucky,2026,2027,2026-04-15,2026-04-15,0,exact,2026-04-15,-77,2026-01-05,2026-07-06,"NCSL Legislative Session Calendar, early vs post-session edition of the same year"
Louisiana,2015,2016,2015-06-11,2015-06-11,0,exact,2015-06-19,-12,2014-11-07,2015-12-21,"NCSL Legislative Session Calendar, early vs post-session edition of the same year"
Louisiana,2016,2017,2016-06-06,2016-06-06,0,exact,2016-06-17,-14,2015-11-02,2018-01-17,"NCSL Legislative Session Calendar, early vs post-session edition of the same year"
Louisiana,2017,2018,2017-06-08,2017-06-08,0,exact,2017-06-26,-5,2017-04-24,2017-12-06,"NCSL Legislative Session Calendar, early vs post-session edition of the same year"
Louisiana,2018,2019,2018-06-05,2018-05-18,-18,exact,2018-06-25,-6,2018-01-10,2018-09-19,"NCSL Legislative Session Calendar, early vs post-session edition of the same year"
Louisiana,2019,2020,2019-06-06,2019-06-06,0,exact,2019-06-18,-13,2019-01-03,2019-10-03,"NCSL Legislative Session Calendar, early vs post-session edition of the same year"
Louisiana,2020,2021,2020-06-01,2020-06-01,0,exact,2020-07-07,6,2020-03-17,2020-12-31,"NCSL Legislative Session Calendar, early vs post-session edition of the same year"
Louisiana,2021,2022,2021-06-10,2021-06-10,0,exact,2021-06-10,-21,2020-12-01,2021-12-30,"NCSL Legislative Session Calendar, early vs post-session edition of the same year"
Louisiana,2022,2023,2022-06-06,2022-06-06,0,exact,2022-06-01,-30,2021-10-26,2022-12-12,"NCSL Legislative Session Calendar, early vs post-session edition of the same year"
Louisiana,2023,2024,2023-06-08,2023-06-08,0,exact,2023-06-29,-2,2022-11-07,2023-11-13,"NCSL Legislative Session Calendar, early vs post-session edition of the same year"
Louisiana,2024,2025,2024-06-03,2024-06-03,0,exact,2024-06-19,-12,2024-01-22,2024-12-11,"NCSL Legislative Session Calendar, early vs post-session edition of the same year"
Louisiana,2025,2026,2025-06-12,2025-06-12,0,exact,2025-06-19,-12,2024-11-08,2025-12-22,"NCSL Legislative Session Calendar, early vs post-session edition of the same year"
Louisiana,2026,2027,2026-06-01,2026-06-01,0,exact,2026-06-15,-16,2026-01-05,2026-07-06,"NCSL Legislative Session Calendar, early vs post-session edition of the same year"
Maine,2015,2016,2015-06-17,2015-07-16,29,exact,2015-06-30,-1,2014-11-07,2015-12-21,"NCSL Legislative Session Calendar, early vs post-session edition of the same year"
Maine,2017,2018,2017-06-21,2017-07-03,12,exact,2017-07-04,3,2017-04-24,2017-12-06,"NCSL Legislative Session Calendar, early vs post-session edition of the same year"
Maine,2019,2020,2019-06-19,2019-06-20,1,exact,2019-06-17,-14,2019-01-03,2019-10-03,"NCSL Legislative Session Calendar, early vs post-session edition of the same year"
Maine,2021,2022,2021-06-16,2021-03-30,-78,exact,2021-07-01,0,2020-12-01,2021-12-30,"NCSL Legislative Session Calendar, early vs post-session edition of the same year"
Maine,2022,2023,2022-04-20,2022-05-09,19,exact,2022-04-20,-72,2021-10-26,2022-12-12,"NCSL Legislative Session Calendar, early vs post-session edition of the same year"
Maine,2023,2024,2023-06-21,2023-03-30,-83,exact,2023-03-31,-92,2022-11-07,2023-11-13,"NCSL Legislative Session Calendar, early vs post-session edition of the same year"
Maine,2024,2025,2024-04-17,2024-05-10,23,exact,2024-04-22,-70,2024-01-22,2024-12-11,"NCSL Legislative Session Calendar, early vs post-session edition of the same year"
Maine,2025,2026,2025-06-18,2025-03-21,-89,exact,2025-06-23,-8,2024-11-08,2025-12-22,"NCSL Legislative Session Calendar, early vs post-session edition of the same year"
Maine,2026,2027,2026-04-15,2026-04-29,14,exact,2026-04-10,-82,2026-01-05,2026-07-06,"NCSL Legislative Session Calendar, early vs post-session edition of the same year"
Maryland,2015,2016,2015-04-13,2015-04-13,0,exact,2015-04-13,-79,2014-11-07,2015-12-21,"NCSL Legislative Session Calendar, early vs post-session edition of the same year"
Maryland,2016,2017,2016-04-11,2016-04-11,0,exact,2016-03-29,-94,2015-11-02,2018-01-17,"NCSL Legislative Session Calendar, early vs post-session edition of the same year"
Maryland,2018,2019,2018-04-10,2018-04-09,-1,exact,2018-03-27,-96,2018-01-10,2018-09-19,"NCSL Legislative Session Calendar, early vs post-session edition of the same year"
Maryland,2019,2020,2019-04-08,2019-04-08,0,exact,2019-03-26,-97,2019-01-03,2019-10-03,"NCSL Legislative Session Calendar, early vs post-session edition of the same year"
Maryland,2020,2021,2020-03-18,2020-03-18,0,exact,2020-03-18,-105,2020-03-17,2020-12-31,"NCSL Legislative Session Calendar, early vs post-session edition of the same year"
Maryland,2021,2022,2021-04-12,2021-04-12,0,exact,2021-05-18,-44,2020-12-01,2021-12-30,"NCSL Legislative Session Calendar, early vs post-session edition of the same year"
Maryland,2022,2023,2022-04-11,2022-04-11,0,exact,2022-05-16,-46,2021-10-26,2022-12-12,"NCSL Legislative Session Calendar, early vs post-session edition of the same year"
Maryland,2023,2024,2023-04-10,2023-04-10,0,exact,2023-04-24,-68,2022-11-07,2023-11-13,"NCSL Legislative Session Calendar, early vs post-session edition of the same year"
Maryland,2024,2025,2024-04-08,2024-04-08,0,exact,2024-05-16,-46,2024-01-22,2024-12-11,"NCSL Legislative Session Calendar, early vs post-session edition of the same year"
Maryland,2025,2026,2025-04-07,2025-04-07,0,exact,2025-05-20,-42,2024-11-08,2025-12-22,"NCSL Legislative Session Calendar, early vs post-session edition of the same year"
Maryland,2026,2027,2026-04-13,2026-04-13,0,exact,2026-04-08,-84,2026-01-05,2026-07-06,"NCSL Legislative Session Calendar, early vs post-session edition of the same year"
Minnesota,2015,2016,2015-05-18,2015-05-18,0,exact,2015-06-13,-18,2014-11-07,2015-12-21,"NCSL Legislative Session Calendar, early vs post-session edition of the same year"
Minnesota,2016,2017,2016-05-23,2016-05-23,0,exact,2016-06-01,-30,2015-11-02,2018-01-17,"NCSL Legislative Session Calendar, early vs post-session edition of the same year"
Minnesota,2017,2018,2017-05-22,2017-05-22,0,exact,2017-05-30,-32,2017-04-24,2017-12-06,"NCSL Legislative Session Calendar, early vs post-session edition of the same year"
Minnesota,2019,2020,2019-05-20,2019-05-20,0,exact,2019-05-31,-31,2019-01-03,2019-10-03,"NCSL Legislative Session Calendar, early vs post-session edition of the same year"
Minnesota,2021,2022,2021-05-17,2021-05-17,0,exact,2021-06-30,-1,2020-12-01,2021-12-30,"NCSL Legislative Session Calendar, early vs post-session edition of the same year"
Minnesota,2023,2024,2023-05-22,2023-05-22,0,exact,2023-05-24,-38,2022-11-07,2023-11-13,"NCSL Legislative Session Calendar, early vs post-session edition of the same year"
Minnesota,2025,2026,2025-05-19,2025-05-19,0,exact,2025-06-01,-30,2024-11-08,2025-12-22,"NCSL Legislative Session Calendar, early vs post-session edition of the same year"
Minnesota,2026,2027,2026-05-18,2026-05-18,0,exact,2026-05-27,-35,2026-01-05,2026-07-06,"NCSL Legislative Session Calendar, early vs post-session edition of the same year"
Mississippi,2015,2016,2015-04-05,2015-04-02,-3,exact,2015-04-15,-77,2014-11-07,2015-12-21,"NCSL Legislative Session Calendar, early vs post-session edition of the same year"
Mississippi,2016,2017,2016-05-08,2016-04-21,-17,exact,2016-04-15,-77,2015-11-02,2018-01-17,"NCSL Legislative Session Calendar, early vs post-session edition of the same year"
Mississippi,2018,2019,2018-04-02,2018-03-28,-5,exact,2018-03-15,-108,2018-01-10,2018-09-19,"NCSL Legislative Session Calendar, early vs post-session edition of the same year"
Mississippi,2019,2020,2019-04-07,2019-03-29,-9,exact,2019-03-15,-108,2019-01-03,2019-10-03,"NCSL Legislative Session Calendar, early vs post-session edition of the same year"
Mississippi,2020,2021,2020-05-10,2020-10-10,153,exact,2020-06-15,-16,2020-03-17,2020-12-31,"NCSL Legislative Session Calendar, early vs post-session edition of the same year"
Mississippi,2021,2022,2021-03-15,2021-04-01,17,exact,2021-03-15,-108,2020-12-01,2021-12-30,"NCSL Legislative Session Calendar, early vs post-session edition of the same year"
Mississippi,2022,2023,2022-04-03,2022-04-10,7,exact,2022-04-15,-77,2021-10-26,2022-12-12,"NCSL Legislative Session Calendar, early vs post-session edition of the same year"
Mississippi,2023,2024,2023-04-03,2023-04-02,-1,exact,2023-04-15,-77,2022-11-07,2023-11-13,"NCSL Legislative Session Calendar, early vs post-session edition of the same year"
Mississippi,2024,2025,2024-05-05,2024-05-14,9,exact,2024-05-15,-47,2024-01-22,2024-12-11,"NCSL Legislative Session Calendar, early vs post-session edition of the same year"
Mississippi,2025,2026,2025-04-06,2025-04-03,-3,exact,2025-06-19,-12,2024-11-08,2025-12-22,"NCSL Legislative Session Calendar, early vs post-session edition of the same year"
Mississippi,2026,2027,2026-04-05,2026-04-05,0,exact,2026-04-15,-77,2026-01-05,2026-07-06,"NCSL Legislative Session Calendar, early vs post-session edition of the same year"
Missouri,2015,2016,2015-05-30,2015-05-27,-3,exact,2015-05-08,-54,2014-11-07,2015-12-21,"NCSL Legislative Session Calendar, early vs post-session edition of the same year"
Missouri,2016,2017,2016-05-30,2016-05-13,-17,exact,2016-05-06,-56,2015-11-02,2018-01-17,"NCSL Legislative Session Calendar, early vs post-session edition of the same year"
Missouri,2017,2018,2017-05-12,2017-05-12,0,exact,2017-06-30,-1,2017-04-24,2017-12-06,"NCSL Legislative Session Calendar, early vs post-session edition of the same year"
Missouri,2019,2020,2019-05-17,2019-05-17,0,exact,2019-06-10,-21,2019-01-03,2019-10-03,"NCSL Legislative Session Calendar, early vs post-session edition of the same year"
Missouri,2020,2021,2020-05-15,2020-05-17,2,exact,2020-06-30,-1,2020-03-17,2020-12-31,"NCSL Legislative Session Calendar, early vs post-session edition of the same year"
Missouri,2021,2022,2021-05-30,2021-05-30,0,exact,2021-06-30,-1,2020-12-01,2021-12-30,"NCSL Legislative Session Calendar, early vs post-session edition of the same year"
Missouri,2022,2023,2022-05-30,2022-05-30,0,exact,2022-06-30,-1,2021-10-26,2022-12-12,"NCSL Legislative Session Calendar, early vs post-session edition of the same year"
Missouri,2023,2024,2023-05-30,2023-05-30,0,exact,2023-06-30,-1,2022-11-07,2023-11-13,"NCSL Legislative Session Calendar, early vs post-session edition of the same year"
Missouri,2024,2025,2024-05-10,2024-05-30,20,exact,2024-06-28,-3,2024-01-22,2024-12-11,"NCSL Legislative Session Calendar, early vs post-session edition of the same year"
Missouri,2025,2026,2025-05-30,2025-05-15,-15,exact,2025-06-30,-1,2024-11-08,2025-12-22,"NCSL Legislative Session Calendar, early vs post-session edition of the same year"
Missouri,2026,2027,2026-05-15,2026-05-15,0,exact,2026-07-01,0,2026-01-05,2026-07-06,"NCSL Legislative Session Calendar, early vs post-session edition of the same year"
Montana,2015,2016,2015-04-25,2015-04-28,3,approx,2015-05-05,-57,2014-11-07,2015-12-21,"NCSL Legislative Session Calendar, early vs post-session edition of the same year"
Montana,2017,2018,2017-04-25,2017-04-28,3,approx,2017-05-09,-53,2017-04-24,2017-12-06,"NCSL Legislative Session Calendar, early vs post-session edition of the same year"
Montana,2019,2020,2019-05-01,2019-04-25,-6,exact,2019-05-13,-49,2019-01-03,2019-10-03,"NCSL Legislative Session Calendar, early vs post-session edition of the same year"
Montana,2021,2022,2021-04-28,2021-04-29,1,exact,2021-05-20,-42,2020-12-01,2021-12-30,"NCSL Legislative Session Calendar, early vs post-session edition of the same year"
Montana,2023,2024,2023-05-11,2023-05-02,-9,exact,2023-06-14,-17,2022-11-07,2023-11-13,"NCSL Legislative Session Calendar, early vs post-session edition of the same year"
Montana,2025,2026,2025-04-19,2025-04-30,11,exact,2025-06-20,-11,2024-11-08,2025-12-22,"NCSL Legislative Session Calendar, early vs post-session edition of the same year"
Nebraska,2015,2016,2015-06-05,2015-05-29,-7,approx,2015-05-15,-47,2014-11-07,2015-12-21,"NCSL Legislative Session Calendar, early vs post-session edition of the same year"
Nebraska,2017,2018,2017-05-25,2017-05-23,-2,approx,2017-05-15,-47,2017-04-24,2017-12-06,"NCSL Legislative Session Calendar, early vs post-session edition of the same year"
Nebraska,2018,2019,2018-04-18,2018-04-18,0,exact,2018-04-04,-88,2018-01-10,2018-09-19,"NCSL Legislative Session Calendar, early vs post-session edition of the same year"
Nebraska,2019,2020,2019-06-06,2019-05-31,-6,exact,2019-05-27,-35,2019-01-03,2019-10-03,"NCSL Legislative Session Calendar, early vs post-session edition of the same year"
Nebraska,2020,2021,2020-04-23,2020-08-13,112,exact,2020-08-07,37,2020-03-17,2020-12-31,"NCSL Legislative Session Calendar, early vs post-session edition of the same year"
Nebraska,2021,2022,2021-06-10,2021-05-27,-14,exact,2021-04-26,-66,2020-12-01,2021-12-30,"NCSL Legislative Session Calendar, early vs post-session edition of the same year"
Nebraska,2022,2023,2022-04-13,2022-04-20,7,exact,2022-04-04,-88,2021-10-26,2022-12-12,"NCSL Legislative Session Calendar, early vs post-session edition of the same year"
Nebraska,2023,2024,2023-05-23,2023-06-01,9,exact,2023-05-24,-38,2022-11-07,2023-11-13,"NCSL Legislative Session Calendar, early vs post-session edition of the same year"
Nebraska,2024,2025,2024-04-18,2024-04-18,0,exact,2024-04-02,-90,2024-01-22,2024-12-11,"NCSL Legislative Session Calendar, early vs post-session edition of the same year"
Nebraska,2025,2026,2025-05-30,2025-06-02,3,exact,2025-06-05,-26,2024-11-08,2025-12-22,"NCSL Legislative Session Calendar, early vs post-session edition of the same year"
Nebraska,2026,2027,2026-04-17,2026-04-17,0,exact,2026-04-07,-85,2026-01-05,2026-07-06,"NCSL Legislative Session Calendar, early vs post-session edition of the same year"
Nevada,2015,2016,2015-06-01,2015-06-01,0,exact,2015-06-15,-16,2014-11-07,2015-12-21,"NCSL Legislative Session Calendar, early vs post-session edition of the same year"
Nevada,2017,2018,2017-06-05,2017-06-05,0,exact,2017-06-05,-26,2017-04-24,2017-12-06,"NCSL Legislative Session Calendar, early vs post-session edition of the same year"
Nevada,2019,2020,2019-06-03,2019-06-03,0,exact,2019-06-15,-16,2019-01-03,2019-10-03,"NCSL Legislative Session Calendar, early vs post-session edition of the same year"
Nevada,2021,2022,2021-06-01,2021-06-01,0,exact,2021-06-04,-27,2020-12-01,2021-12-30,"NCSL Legislative Session Calendar, early vs post-session edition of the same year"
Nevada,2023,2024,2023-06-05,2023-06-05,0,exact,2023-06-15,-16,2022-11-07,2023-11-13,"NCSL Legislative Session Calendar, early vs post-session edition of the same year"
Nevada,2025,2026,2025-07-28,2025-06-03,-55,exact,2025-06-13,-18,2024-11-08,2025-12-22,"NCSL Legislative Session Calendar, early vs post-session edition of the same year"
New Hampshire,2015,2016,2015-07-01,2015-07-01,0,exact,2015-09-16,77,2014-11-07,2015-12-21,"NCSL Legislative Session Calendar, early vs post-session edition of the same year"
New Hampshire,2019,2020,2019-06-25,2019-06-30,5,approx,2019-10-01,92,2019-01-03,2019-10-03,"NCSL Legislative Session Calendar, early vs post-session edition of the same year"
New Hampshire,2021,2022,2021-06-28,2021-07-01,3,exact,2021-06-26,-5,2020-12-01,2021-12-30,"NCSL Legislative Session Calendar, early vs post-session edition of the same year"
New Mexico,2015,2016,2015-03-21,2015-03-21,0,exact,2015-04-09,-83,2014-11-07,2015-12-21,"NCSL Legislative Session Calendar, early vs post-session edition of the same year"
New Mexico,2016,2017,2016-02-18,2016-02-18,0,exact,2016-02-29,-123,2015-11-02,2018-01-17,"NCSL Legislative Session Calendar, early vs post-session edition of the same year"
New Mexico,2018,2019,2018-02-15,2018-02-15,0,exact,2018-03-07,-116,2018-01-10,2018-09-19,"NCSL Legislative Session Calendar, early vs post-session edition of the same year"
New Mexico,2019,2020,2019-03-16,2019-03-16,0,exact,2019-04-04,-88,2019-01-03,2019-10-03,"NCSL Legislative Session Calendar, early vs post-session edition of the same year"
New Mexico,2021,2022,2021-03-20,2021-03-20,0,exact,2021-04-09,-83,2020-12-01,2021-12-30,"NCSL Legislative Session Calendar, early vs post-session edition of the same year"
New Mexico,2022,2023,2022-02-17,2022-02-17,0,exact,2022-03-09,-114,2021-10-26,2022-12-12,"NCSL Legislative Session Calendar, early vs post-session edition of the same year"
New Mexico,2023,2024,2023-03-18,2023-03-18,0,exact,2023-04-07,-85,2022-11-07,2023-11-13,"NCSL Legislative Session Calendar, early vs post-session edition of the same year"
New Mexico,2024,2025,2024-02-15,2024-02-15,0,exact,2024-03-06,-117,2024-01-22,2024-12-11,"NCSL Legislative Session Calendar, early vs post-session edition of the same year"
New Mexico,2025,2026,2025-03-22,2025-03-22,0,exact,2025-04-11,-81,2024-11-08,2025-12-22,"NCSL Legislative Session Calendar, early vs post-session edition of the same year"
New Mexico,2026,2027,2026-02-19,2026-02-19,0,exact,2026-03-11,-112,2026-01-05,2026-07-06,"NCSL Legislative Session Calendar, early vs post-session edition of the same year"
North Carolina,2015,2016,2015-07-05,2015-09-30,87,approx,2015-09-18,79,2014-11-07,2015-12-21,"NCSL Legislative Session Calendar, early vs post-session edition of the same year"
North Carolina,2016,2017,2016-07-15,2016-07-02,-13,approx,2016-07-14,13,2015-11-02,2018-01-17,"NCSL Legislative Session Calendar, early vs post-session edition of the same year"
North Carolina,2017,2018,2017-07-15,2017-07-15,0,approx,2017-06-28,-3,2017-04-24,2017-12-06,"NCSL Legislative Session Calendar, early vs post-session edition of the same year"
North Carolina,2018,2019,2018-07-15,2018-06-29,-16,approx,2018-06-12,-19,2018-01-10,2018-09-19,"NCSL Legislative Session Calendar, early vs post-session edition of the same year"
North Carolina,2021,2022,2021-07-30,2021-12-30,153,exact,2021-11-18,140,2020-12-01,2021-12-30,"NCSL Legislative Session Calendar, early vs post-session edition of the same year"
North Carolina,2022,2023,2022-07-08,2022-07-08,0,exact,2022-07-11,10,2021-10-26,2022-12-12,"NCSL Legislative Session Calendar, early vs post-session edition of the same year"
North Dakota,2015,2016,2015-04-25,2015-04-29,4,approx,2015-04-15,-77,2014-11-07,2015-12-21,"NCSL Legislative Session Calendar, early vs post-session edition of the same year"
North Dakota,2017,2018,2017-04-25,2017-04-27,2,approx,2017-05-03,-59,2017-04-24,2017-12-06,"NCSL Legislative Session Calendar, early vs post-session edition of the same year"
North Dakota,2019,2020,2019-04-26,2019-04-26,0,exact,2019-05-02,-60,2019-01-03,2019-10-03,"NCSL Legislative Session Calendar, early vs post-session edition of the same year"
North Dakota,2021,2022,2021-04-28,2021-04-30,2,exact,2021-05-10,-52,2020-12-01,2021-12-30,"NCSL Legislative Session Calendar, early vs post-session edition of the same year"
North Dakota,2023,2024,2023-04-28,2023-04-30,2,exact,2023-05-09,-53,2022-11-07,2023-11-13,"NCSL Legislative Session Calendar, early vs post-session edition of the same year"
North Dakota,2025,2026,2025-04-25,2025-05-03,8,exact,2025-05-03,-59,2024-11-08,2025-12-22,"NCSL Legislative Session Calendar, early vs post-session edition of the same year"
Oklahoma,2015,2016,2015-05-29,2015-05-22,-7,exact,2015-05-22,-40,2014-11-07,2015-12-21,"NCSL Legislative Session Calendar, early vs post-session edition of the same year"
Oklahoma,2016,2017,2016-05-27,2016-05-27,0,exact,2016-06-10,-21,2015-11-02,2016-07-26,"NCSL Legislative Session Calendar, early vs post-session edition of the same year"
Oklahoma,2017,2018,2017-05-26,2017-05-26,0,exact,2017-05-31,-31,2017-04-24,2017-12-06,"NCSL Legislative Session Calendar, early vs post-session edition of the same year"
Oklahoma,2018,2019,2018-05-25,2018-05-09,-16,exact,2018-04-30,-62,2018-01-10,2018-09-19,"NCSL Legislative Session Calendar, early vs post-session edition of the same year"
Oklahoma,2019,2020,2019-05-31,2019-05-23,-8,exact,2019-05-24,-38,2019-01-03,2019-10-03,"NCSL Legislative Session Calendar, early vs post-session edition of the same year"
Oklahoma,2020,2021,2020-05-29,2020-05-29,0,exact,2020-05-13,-49,2020-03-17,2020-12-31,"NCSL Legislative Session Calendar, early vs post-session edition of the same year"
Oklahoma,2021,2022,2021-05-28,2021-05-27,-1,exact,2021-05-24,-38,2020-12-01,2021-12-30,"NCSL Legislative Session Calendar, early vs post-session edition of the same year"
Oklahoma,2022,2023,2022-05-27,2022-05-27,0,exact,2022-05-27,-35,2021-10-26,2022-12-12,"NCSL Legislative Session Calendar, early vs post-session edition of the same year"
Oklahoma,2023,2024,2023-05-26,2023-05-26,0,exact,2023-06-02,-29,2022-11-07,2023-11-13,"NCSL Legislative Session Calendar, early vs post-session edition of the same year"
Oklahoma,2024,2025,2024-05-31,2024-05-30,-1,exact,2024-06-12,-19,2024-01-22,2024-12-11,"NCSL Legislative Session Calendar, early vs post-session edition of the same year"
Oklahoma,2025,2026,2025-05-30,2025-05-30,0,exact,2025-05-23,-39,2024-11-08,2025-12-22,"NCSL Legislative Session Calendar, early vs post-session edition of the same year"
Oklahoma,2026,2027,2026-05-29,2026-05-15,-14,exact,2026-04-15,-77,2026-01-05,2026-07-06,"NCSL Legislative Session Calendar, early vs post-session edition of the same year"
Oregon,2015,2016,2015-07-11,2015-07-06,-5,exact,2015-08-12,42,2014-11-07,2015-12-21,"NCSL Legislative Session Calendar, early vs post-session edition of the same year"
Oregon,2016,2017,2016-03-06,2016-03-03,-3,exact,2016-03-29,-94,2015-11-02,2016-07-26,"NCSL Legislative Session Calendar, early vs post-session edition of the same year"
Oregon,2017,2018,2017-07-10,2017-07-07,-3,exact,2017-08-15,45,2017-04-24,2017-12-06,"NCSL Legislative Session Calendar, early vs post-session edition of the same year"
Oregon,2018,2019,2018-03-12,2018-03-05,-7,exact,2018-04-10,-82,2018-01-10,2018-09-19,"NCSL Legislative Session Calendar, early vs post-session edition of the same year"
Oregon,2019,2020,2019-06-30,2019-06-30,0,exact,2019-08-09,39,2019-01-03,2019-10-03,"NCSL Legislative Session Calendar, early vs post-session edition of the same year"
Oregon,2021,2022,2021-06-28,2021-06-26,-2,exact,2021-08-06,36,2020-12-01,2021-12-30,"NCSL Legislative Session Calendar, early vs post-session edition of the same year"
Oregon,2022,2023,2022-03-07,2022-03-04,-3,exact,2022-04-04,-88,2021-10-26,2022-12-12,"NCSL Legislative Session Calendar, early vs post-session edition of the same year"
Oregon,2023,2024,2023-06-26,2023-06-25,-1,exact,2023-08-04,34,2022-11-07,2023-11-13,"NCSL Legislative Session Calendar, early vs post-session edition of the same year"
Oregon,2024,2025,2024-03-10,2024-03-07,-3,exact,2024-04-17,-75,2024-01-22,2024-12-11,"NCSL Legislative Session Calendar, early vs post-session edition of the same year"
Oregon,2025,2026,2025-06-30,2025-06-27,-3,exact,2025-08-07,37,2024-11-08,2025-12-22,"NCSL Legislative Session Calendar, early vs post-session edition of the same year"
Oregon,2026,2027,2026-03-09,2026-03-06,-3,exact,2026-03-06,-117,2026-01-05,2026-07-06,"NCSL Legislative Session Calendar, early vs post-session edition of the same year"
Pennsylvania,2021,2022,2021-12-15,2021-12-15,0,exact,2021-06-30,-1,2020-12-01,2021-12-30,"NCSL Legislative Session Calendar, early vs post-session edition of the same year"
Pennsylvania,2024,2025,2024-11-30,2024-11-13,-17,exact,2024-07-11,10,2024-01-22,2024-12-11,"NCSL Legislative Session Calendar, early vs post-session edition of the same year"
Rhode Island,2015,2016,2015-06-25,2015-06-25,0,approx,2015-06-30,-1,2014-11-07,2015-12-21,"NCSL Legislative Session Calendar, early vs post-session edition of the same year"
Rhode Island,2016,2017,2016-06-25,2016-06-18,-7,approx,2016-06-24,-7,2015-11-02,2016-07-26,"NCSL Legislative Session Calendar, early vs post-session edition of the same year"
Rhode Island,2017,2018,2017-06-15,2017-06-15,0,approx,2017-08-03,33,2017-04-24,2017-12-06,"NCSL Legislative Session Calendar, early vs post-session edition of the same year"
Rhode Island,2018,2019,2018-07-15,2018-07-15,0,approx,2018-06-22,-9,2018-01-10,2018-09-19,"NCSL Legislative Session Calendar, early vs post-session edition of the same year"
Rhode Island,2019,2020,2019-07-15,2019-06-30,-15,approx,2019-07-05,4,2019-01-03,2019-10-03,"NCSL Legislative Session Calendar, early vs post-session edition of the same year"
Rhode Island,2022,2023,2022-06-30,2022-06-30,0,exact,2022-06-27,-4,2022-05-12,2022-12-12,"NCSL Legislative Session Calendar, early vs post-session edition of the same year"
Rhode Island,2024,2025,2024-06-30,2024-06-30,0,exact,2024-06-17,-14,2024-01-22,2024-12-11,"NCSL Legislative Session Calendar, early vs post-session edition of the same year"
Rhode Island,2026,2027,2026-06-30,2026-06-30,0,exact,2026-06-12,-19,2026-01-05,2026-07-06,"NCSL Legislative Session Calendar, early vs post-session edition of the same year"
South Carolina,2015,2016,2015-06-04,2015-07-09,35,exact,2015-06-15,-16,2014-11-07,2015-12-21,"NCSL Legislative Session Calendar, early vs post-session edition of the same year"
South Carolina,2016,2017,2016-06-02,2016-06-02,0,exact,2016-06-08,-23,2015-11-02,2016-07-26,"NCSL Legislative Session Calendar, early vs post-session edition of the same year"
South Carolina,2017,2018,2017-05-11,2017-05-11,0,exact,2017-06-12,-19,2017-04-24,2017-12-06,"NCSL Legislative Session Calendar, early vs post-session edition of the same year"
South Carolina,2018,2019,2018-05-10,2018-05-09,-1,exact,2018-07-05,4,2018-01-10,2018-09-19,"NCSL Legislative Session Calendar, early vs post-session edition of the same year"
South Carolina,2019,2020,2019-05-09,2019-05-09,0,exact,2019-06-25,-6,2019-01-03,2019-10-03,"NCSL Legislative Session Calendar, early vs post-session edition of the same year"
South Carolina,2022,2023,2022-06-02,2022-06-28,26,exact,2022-06-15,-16,2022-05-12,2022-12-12,"NCSL Legislative Session Calendar, early vs post-session edition of the same year"
South Carolina,2024,2025,2024-05-09,2024-05-09,0,exact,2024-07-03,2,2024-01-22,2024-12-11,"NCSL Legislative Session Calendar, early vs post-session edition of the same year"
South Carolina,2025,2026,2025-06-05,2025-05-08,-28,exact,2025-06-04,-27,2024-11-08,2025-12-22,"NCSL Legislative Session Calendar, early vs post-session edition of the same year"
South Dakota,2015,2016,2015-03-25,2015-03-30,5,approx,2015-03-19,-104,2014-11-07,2015-12-21,"NCSL Legislative Session Calendar, early vs post-session edition of the same year"
South Dakota,2016,2017,2016-03-29,2016-03-29,0,exact,2016-03-16,-107,2015-11-02,2016-07-26,"NCSL Legislative Session Calendar, early vs post-session edition of the same year"
South Dakota,2018,2019,2018-04-25,2018-03-26,-30,approx,2018-03-21,-102,2018-01-10,2018-09-19,"NCSL Legislative Session Calendar, early vs post-session edition of the same year"
South Dakota,2019,2020,2019-03-29,2019-03-29,0,exact,2019-03-27,-96,2019-01-03,2019-10-03,"NCSL Legislative Session Calendar, early vs post-session edition of the same year"
South Dakota,2020,2021,2020-03-30,2020-03-30,0,exact,2020-03-27,-96,2020-03-17,2020-12-31,"NCSL Legislative Session Calendar, early vs post-session edition of the same year"
South Dakota,2021,2022,2021-03-29,2021-03-29,0,exact,2021-03-26,-97,2020-12-01,2021-12-30,"NCSL Legislative Session Calendar, early vs post-session edition of the same year"
South Dakota,2022,2023,2022-03-10,2022-03-28,18,exact,2022-03-15,-108,2021-10-26,2022-12-12,"NCSL Legislative Session Calendar, early vs post-session edition of the same year"
South Dakota,2023,2024,2023-03-27,2023-03-27,0,exact,2023-03-20,-103,2022-11-07,2023-11-13,"NCSL Legislative Session Calendar, early vs post-session edition of the same year"
South Dakota,2024,2025,2024-03-25,2024-03-26,1,exact,2024-03-20,-103,2024-01-22,2024-12-11,"NCSL Legislative Session Calendar, early vs post-session edition of the same year"
South Dakota,2025,2026,2025-03-31,2025-03-31,0,exact,2025-03-13,-110,2024-11-08,2025-12-22,"NCSL Legislative Session Calendar, early vs post-session edition of the same year"
South Dakota,2026,2027,2026-03-30,2026-03-30,0,exact,2026-03-19,-104,2026-01-05,2026-07-06,"NCSL Legislative Session Calendar, early vs post-session edition of the same year"
Tennessee,2015,2016,2015-04-25,2015-04-22,-3,approx,2015-05-18,-44,2014-11-07,2015-12-21,"NCSL Legislative Session Calendar, early vs post-session edition of the same year"
Tennessee,2016,2017,2016-04-15,2016-04-22,7,approx,2016-05-15,-47,2015-11-02,2016-07-26,"NCSL Legislative Session Calendar, early vs post-session edition of the same year"
Tennessee,2018,2019,2018-04-15,2018-04-25,10,approx,2018-05-21,-41,2018-01-10,2018-09-19,"NCSL Legislative Session Calendar, early vs post-session edition of the same year"
Tennessee,2019,2020,2019-04-25,2019-05-02,7,approx,2019-05-17,-45,2019-01-03,2019-10-03,"NCSL Legislative Session Calendar, early vs post-session edition of the same year"
Tennessee,2020,2021,2020-04-22,2020-06-19,58,exact,2020-03-18,-105,2020-03-17,2020-12-31,"NCSL Legislative Session Calendar, early vs post-session edition of the same year"
Tennessee,2021,2022,2021-05-06,2021-05-05,-1,exact,2021-05-17,-45,2020-12-01,2021-12-30,"NCSL Legislative Session Calendar, early vs post-session edition of the same year"
Tennessee,2022,2023,2022-04-21,2022-04-28,7,exact,2022-05-25,-37,2021-10-26,2022-12-12,"NCSL Legislative Session Calendar, early vs post-session edition of the same year"
Tennessee,2023,2024,2023-05-06,2023-04-21,-15,exact,2023-05-16,-46,2022-11-07,2023-11-13,"NCSL Legislative Session Calendar, early vs post-session edition of the same year"
Tennessee,2024,2025,2024-04-25,2024-04-25,0,exact,2024-05-15,-47,2024-01-22,2024-12-11,"NCSL Legislative Session Calendar, early vs post-session edition of the same year"
Tennessee,2025,2026,2025-04-30,2025-04-22,-8,exact,2025-04-24,-68,2024-11-08,2025-12-22,"NCSL Legislative Session Calendar, early vs post-session edition of the same year"
Tennessee,2026,2027,2026-04-24,2026-04-23,-1,exact,2026-05-15,-47,2026-01-05,2026-07-06,"NCSL Legislative Session Calendar, early vs post-session edition of the same year"
Texas,2015,2016,2015-06-01,2015-06-01,0,exact,2015-06-20,-73,2014-11-07,2015-12-21,"NCSL Legislative Session Calendar, early vs post-session edition of the same year"
Texas,2017,2018,2017-05-29,2017-05-29,0,exact,2017-06-12,-81,2017-04-24,2017-12-06,"NCSL Legislative Session Calendar, early vs post-session edition of the same year"
Texas,2019,2020,2019-05-27,2019-05-27,0,exact,2019-06-15,-78,2019-01-03,2019-10-03,"NCSL Legislative Session Calendar, early vs post-session edition of the same year"
Texas,2021,2022,2021-05-31,2021-05-31,0,exact,2021-06-18,-75,2020-12-01,2021-12-30,"NCSL Legislative Session Calendar, early vs post-session edition of the same year"
Texas,2023,2024,2023-05-29,2023-05-29,0,exact,2023-06-18,-75,2022-11-07,2023-11-13,"NCSL Legislative Session Calendar, early vs post-session edition of the same year"
Texas,2025,2026,2025-06-02,2025-06-02,0,exact,2025-06-15,-78,2024-11-08,2025-12-22,"NCSL Legislative Session Calendar, early vs post-session edition of the same year"
Utah,2015,2016,2015-03-12,2015-03-12,0,exact,2015-03-12,-111,2014-11-07,2015-12-21,"NCSL Legislative Session Calendar, early vs post-session edition of the same year"
Utah,2016,2017,2016-03-10,2016-03-10,0,exact,2016-06-06,-25,2015-11-02,2016-07-26,"NCSL Legislative Session Calendar, early vs post-session edition of the same year"
Utah,2018,2019,2018-03-09,2018-03-09,0,exact,2018-03-21,-102,2018-01-10,2018-09-19,"NCSL Legislative Session Calendar, early vs post-session edition of the same year"
Utah,2019,2020,2019-03-14,2019-03-14,0,exact,2019-03-20,-103,2019-01-03,2019-10-03,"NCSL Legislative Session Calendar, early vs post-session edition of the same year"
Utah,2021,2022,2021-03-05,2021-03-05,0,exact,2021-03-25,-98,2020-12-01,2021-12-30,"NCSL Legislative Session Calendar, early vs post-session edition of the same year"
Utah,2022,2023,2022-03-04,2022-03-04,0,exact,2022-03-04,-119,2021-10-26,2022-12-12,"NCSL Legislative Session Calendar, early vs post-session edition of the same year"
Utah,2023,2024,2023-03-03,2023-03-03,0,exact,2023-03-03,-120,2022-11-07,2023-11-13,"NCSL Legislative Session Calendar, early vs post-session edition of the same year"
Utah,2024,2025,2024-03-01,2024-03-01,0,exact,2024-03-07,-116,2024-01-22,2024-12-11,"NCSL Legislative Session Calendar, early vs post-session edition of the same year"
Utah,2025,2026,2025-03-07,2025-03-07,0,exact,2025-03-07,-116,2024-11-08,2025-12-22,"NCSL Legislative Session Calendar, early vs post-session edition of the same year"
Utah,2026,2027,2026-03-06,2026-03-06,0,exact,2026-03-06,-117,2026-01-05,2026-07-06,"NCSL Legislative Session Calendar, early vs post-session edition of the same year"
Vermont,2015,2016,2015-05-15,2015-05-16,1,approx,2015-06-11,-20,2014-11-07,2015-12-21,"NCSL Legislative Session Calendar, early vs post-session edition of the same year"
Vermont,2016,2017,2016-05-15,2016-05-07,-8,approx,2016-06-08,-23,2015-11-02,2016-07-26,"NCSL Legislative Session Calendar, early vs post-session edition of the same year"
Vermont,2017,2018,2017-05-05,2017-05-18,13,approx,2017-06-29,-2,2017-04-24,2017-12-06,"NCSL Legislative Session Calendar, early vs post-session edition of the same year"
Vermont,2018,2019,2018-06-15,2018-05-12,-34,approx,2018-07-01,0,2018-01-10,2018-09-19,"NCSL Legislative Session Calendar, early vs post-session edition of the same year"
Vermont,2019,2020,2019-05-15,2019-05-29,14,approx,2019-06-18,-13,2019-01-03,2019-10-03,"NCSL Legislative Session Calendar, early vs post-session edition of the same year"
Vermont,2020,2021,2020-05-08,2020-09-25,140,exact,2020-06-30,-1,2020-03-17,2020-12-31,"NCSL Legislative Session Calendar, early vs post-session edition of the same year"
Vermont,2021,2022,2021-05-15,2021-05-21,6,exact,2021-06-08,-23,2020-12-01,2021-12-30,"NCSL Legislative Session Calendar, early vs post-session edition of the same year"
Vermont,2022,2023,2022-05-06,2022-05-12,6,exact,2022-06-09,-22,2021-10-26,2022-12-12,"NCSL Legislative Session Calendar, early vs post-session edition of the same year"
Vermont,2023,2024,2023-05-09,2023-05-12,3,exact,2023-06-20,-11,2022-11-07,2023-11-13,"NCSL Legislative Session Calendar, early vs post-session edition of the same year"
Vermont,2024,2025,2024-05-09,2024-05-11,2,exact,2024-05-23,-39,2024-01-22,2024-12-11,"NCSL Legislative Session Calendar, early vs post-session edition of the same year"
Vermont,2025,2026,2025-05-30,2025-06-16,17,exact,2025-05-21,-41,2024-11-08,2025-12-22,"NCSL Legislative Session Calendar, early vs post-session edition of the same year"
Vermont,2026,2027,2026-05-08,2026-05-29,21,exact,2026-06-16,-15,2026-01-05,2026-07-06,"NCSL Legislative Session Calendar, early vs post-session edition of the same year"
Virginia,2015,2016,2015-02-28,2015-02-27,-1,exact,2015-03-26,-97,2014-11-07,2015-03-13,"NCSL Legislative Session Calendar, early vs post-session edition of the same year"
Virginia,2016,2017,2016-03-12,2016-03-11,-1,exact,2016-05-20,-42,2015-11-02,2016-07-26,"NCSL Legislative Session Calendar, early vs post-session edition of the same year"
Virginia,2018,2019,2018-03-11,2018-03-11,0,exact,2018-06-07,-24,2018-01-10,2018-09-19,"NCSL Legislative Session Calendar, early vs post-session edition of the same year"
Virginia,2019,2020,2019-03-10,2019-02-24,-14,exact,2019-05-02,-60,2019-01-03,2019-10-03,"NCSL Legislative Session Calendar, early vs post-session edition of the same year"
Virginia,2021,2022,2021-02-27,2021-02-08,-19,exact,2021-04-15,-77,2020-12-01,2021-12-30,"NCSL Legislative Session Calendar, early vs post-session edition of the same year"
Virginia,2022,2023,2022-03-13,2022-03-12,-1,exact,2022-06-21,-10,2021-10-26,2022-12-12,"NCSL Legislative Session Calendar, early vs post-session edition of the same year"
Virginia,2023,2024,2023-02-25,2023-02-25,0,exact,2023-09-14,75,2022-11-07,2023-11-13,"NCSL Legislative Session Calendar, early vs post-session edition of the same year"
Virginia,2024,2025,2024-03-09,2024-03-09,0,exact,2024-05-13,-49,2024-01-22,2024-12-11,"NCSL Legislative Session Calendar, early vs post-session edition of the same year"
Virginia,2026,2027,2026-03-14,2026-03-14,0,exact,2026-06-29,-2,2026-01-05,2026-07-06,"NCSL Legislative Session Calendar, early vs post-session edition of the same year"
Washington,2015,2016,2015-04-26,2015-04-24,-2,exact,2015-06-30,-1,2014-11-07,2015-12-21,"NCSL Legislative Session Calendar, early vs post-session edition of the same year"
Washington,2016,2017,2016-03-10,2016-03-10,0,exact,2016-04-18,-74,2015-11-02,2016-07-26,"NCSL Legislative Session Calendar, early vs post-session edition of the same year"
Washington,2018,2019,2018-03-09,2018-03-09,0,exact,2018-03-27,-96,2018-01-10,2018-09-19,"NCSL Legislative Session Calendar, early vs post-session edition of the same year"
Washington,2019,2020,2019-04-28,2019-04-28,0,exact,2019-05-21,-41,2019-01-03,2019-10-03,"NCSL Legislative Session Calendar, early vs post-session edition of the same year"
Washington,2021,2022,2021-04-25,2021-04-25,0,exact,2021-05-18,-44,2020-12-01,2021-12-30,"NCSL Legislative Session Calendar, early vs post-session edition of the same year"
Washington,2022,2023,2022-03-18,2022-03-10,-8,exact,2022-03-31,-92,2021-10-26,2022-12-12,"NCSL Legislative Session Calendar, early vs post-session edition of the same year"
Washington,2023,2024,2023-04-29,2023-04-23,-6,exact,2023-05-16,-46,2022-11-07,2023-11-13,"NCSL Legislative Session Calendar, early vs post-session edition of the same year"
Washington,2024,2025,2024-03-07,2024-03-07,0,exact,2024-03-29,-94,2024-01-22,2024-12-11,"NCSL Legislative Session Calendar, early vs post-session edition of the same year"
Washington,2025,2026,2025-04-28,2025-04-27,-1,exact,2025-05-20,-42,2024-11-08,2025-12-22,"NCSL Legislative Session Calendar, early vs post-session edition of the same year"
Washington,2026,2027,2026-03-12,2026-03-12,0,exact,2026-03-12,-111,2026-01-05,2026-07-06,"NCSL Legislative Session Calendar, early vs post-session edition of the same year"
West Virginia,2015,2016,2015-03-14,2015-03-18,4,exact,2015-03-24,-99,2014-11-07,2015-12-21,"NCSL Legislative Session Calendar, early vs post-session edition of the same year"
West Virginia,2016,2017,2016-03-12,2016-03-15,3,exact,2016-06-17,-14,2015-11-02,2016-07-26,"NCSL Legislative Session Calendar, early vs post-session edition of the same year"
West Virginia,2018,2019,2018-03-11,2018-03-11,0,exact,2018-03-15,-108,2018-01-10,2018-09-19,"NCSL Legislative Session Calendar, early vs post-session edition of the same year"
West Virginia,2019,2020,2019-03-09,2019-03-09,0,exact,2019-03-14,-109,2019-01-03,2019-10-03,"NCSL Legislative Session Calendar, early vs post-session edition of the same year"
West Virginia,2021,2022,2021-04-10,2021-04-10,0,exact,2021-04-15,-77,2020-12-01,2021-12-30,"NCSL Legislative Session Calendar, early vs post-session edition of the same year"
West Virginia,2022,2023,2022-03-12,2022-03-12,0,exact,2022-03-18,-105,2021-10-26,2022-12-12,"NCSL Legislative Session Calendar, early vs post-session edition of the same year"
West Virginia,2023,2024,2023-03-11,2023-03-11,0,exact,2023-03-17,-106,2022-11-07,2023-11-13,"NCSL Legislative Session Calendar, early vs post-session edition of the same year"
West Virginia,2024,2025,2024-03-09,2024-03-09,0,exact,2024-03-14,-109,2024-01-22,2024-12-11,"NCSL Legislative Session Calendar, early vs post-session edition of the same year"
West Virginia,2025,2026,2025-04-12,2025-04-12,0,exact,2025-04-17,-75,2024-11-08,2025-12-22,"NCSL Legislative Session Calendar, early vs post-session edition of the same year"
West Virginia,2026,2027,2026-03-14,2026-03-14,0,exact,2026-03-13,-110,2026-01-05,2026-07-06,"NCSL Legislative Session Calendar, early vs post-session edition of the same year"
Wyoming,2015,2016,2015-03-05,2015-03-05,0,approx,2015-03-04,-119,2014-11-07,2015-12-21,"NCSL Legislative Session Calendar, early vs post-session edition of the same year"
Wyoming,2016,2017,2016-03-05,2016-03-04,-1,approx,2016-03-03,-120,2015-11-02,2016-07-26,"NCSL Legislative Session Calendar, early vs post-session edition of the same year"
Wyoming,2019,2020,2019-03-05,2019-02-28,-5,approx,2019-02-26,-125,2019-01-03,2019-10-03,"NCSL Legislative Session Calendar, early vs post-session edition of the same year"
Wyoming,2021,2022,2021-03-04,2021-04-07,34,exact,2021-04-01,-91,2020-12-01,2021-12-30,"NCSL Legislative Session Calendar, early vs post-session edition of the same year"
Wyoming,2022,2023,2022-03-11,2022-03-11,0,exact,2022-03-10,-113,2021-10-26,2022-12-12,"NCSL Legislative Session Calendar, early vs post-session edition of the same year"
Wyoming,2023,2024,2023-03-03,2023-03-03,0,exact,2023-02-24,-127,2022-11-07,2023-11-13,"NCSL Legislative Session Calendar, early vs post-session edition of the same year"
Wyoming,2024,2025,2024-03-08,2024-03-08,0,exact,2024-03-22,-101,2024-01-22,2024-12-11,"NCSL Legislative Session Calendar, early vs post-session edition of the same year"
Wyoming,2026,2027,2026-03-06,2026-03-11,5,exact,2026-03-05,-118,2026-01-05,2026-07-06,"NCSL Legislative Session Calendar, early vs post-session edition of the same year"
