state,fiscal_year,total_expenditures_millions,population,per_capita,source,notes
Alabama,2015,32459,4858979,6680,Tax Policy Center / Census of Governments,
Alabama,2017,30916,4874747,6342,Tax Policy Center / Census of Governments,
Alabama,2019,33366,4903185,6805,Tax Policy Center / Census of Governments,
Alabama,2021,39584,5039877,7854,Tax Policy Center / Census of Governments,
Alabama,2023,41341,5108468,8093,"Census Bureau (timeseries/govsstatefin, SF0132)",
Alabama,2024,38110,5157699,7389,KFF/NASBO (auto-scraped),
Alaska,2015,13006,738432,17613,Tax Policy Center / Census of Governments,
Alaska,2017,11317,739795,15297,Tax Policy Center / Census of Governments,
Alaska,2019,10206,731545,13951,Tax Policy Center / Census of Governments,
Alaska,2021,13058,732673,17822,Tax Policy Center / Census of Governments,
Alaska,2023,11748,733406,16018,"Census Bureau (timeseries/govsstatefin, SF0132)",
Alaska,2024,14336,740133,19369,KFF/NASBO (auto-scraped),
Arizona,2015,32741,6828065,4795,Tax Policy Center / Census of Governments,
Arizona,2017,39555,7016270,5638,Tax Policy Center / Census of Governments,
Arizona,2019,42259,7278717,5806,Tax Policy Center / Census of Governments,
Arizona,2021,52768,7276316,7252,Tax Policy Center / Census of Governments,
Arizona,2023,60645,7431344,8161,"Census Bureau (timeseries/govsstatefin, SF0132)",
Arizona,2024,96440,7582384,12719,KFF/NASBO (auto-scraped),
Arkansas,2015,21781,2978204,7313,Tax Policy Center / Census of Governments,
Arkansas,2017,22727,3004279,7565,Tax Policy Center / Census of Governments,
Arkansas,2019,23372,3017804,7745,Tax Policy Center / Census of Governments,
Arkansas,2021,27505,3025891,9090,Tax Policy Center / Census of Governments,
Arkansas,2023,27271,3067732,8890,"Census Bureau (timeseries/govsstatefin, SF0132)",
Arkansas,2024,33515,3088354,10852,KFF/NASBO (auto-scraped),
California,2015,320288,39144818,8182,Tax Policy Center / Census of Governments,
California,2017,349342,39536653,8836,Tax Policy Center / Census of Governments,
California,2019,403194,39512223,10204,Tax Policy Center / Census of Governments,
California,2021,468989,39237836,11952,Tax Policy Center / Census of Governments,
California,2023,522893,38965193,13419,"Census Bureau (timeseries/govsstatefin, SF0132)",
California,2024,452729,39431263,11481,KFF/NASBO (auto-scraped),
Colorado,2015,32229,5456574,5906,Tax Policy Center / Census of Governments,
Colorado,2017,35302,5607154,6296,Tax Policy Center / Census of Governments,
Colorado,2019,37984,5758736,6596,Tax Policy Center / Census of Governments,
Colorado,2021,46259,5812069,7959,Tax Policy Center / Census of Governments,
Colorado,2023,43000,5877610,7316,"Census Bureau (timeseries/govsstatefin, SF0132)",
Colorado,2024,42553,5957494,7143,KFF/NASBO (auto-scraped),
Connecticut,2015,31599,3590886,8800,Tax Policy Center / Census of Governments,
Connecticut,2017,27945,3588184,7788,Tax Policy Center / Census of Governments,
Connecticut,2019,29338,3565287,8229,Tax Policy Center / Census of Governments,
Connecticut,2021,33383,3605597,9259,Tax Policy Center / Census of Governments,
Connecticut,2023,32391,3617176,8955,"Census Bureau (timeseries/govsstatefin, SF0132)",
Connecticut,2024,42771,3675069,11638,KFF/NASBO (auto-scraped),
Delaware,2015,8855,945934,9361,Tax Policy Center / Census of Governments,
Delaware,2017,9954,961939,10348,Tax Policy Center / Census of Governments,
Delaware,2019,10484,973764,10766,Tax Policy Center / Census of Governments,
Delaware,2021,12755,1003384,12712,Tax Policy Center / Census of Governments,
Delaware,2023,13157,1031890,12750,"Census Bureau (timeseries/govsstatefin, SF0132)",
Delaware,2024,16092,1051917,15298,KFF/NASBO (auto-scraped),
Florida,2015,84803,20271272,4183,Tax Policy Center / Census of Governments,
Florida,2017,90535,20984400,4314,Tax Policy Center / Census of Governments,
Florida,2019,103173,21477737,4804,Tax Policy Center / Census of Governments,
Florida,2021,119948,21781128,5507,Tax Policy Center / Census of Governments,
Florida,2023,135550,22610726,5995,"Census Bureau (timeseries/govsstatefin, SF0132)",
Florida,2024,130553,23372215,5586,KFF/NASBO (auto-scraped),
Georgia,2015,45296,10214860,4434,Tax Policy Center / Census of Governments,
Georgia,2017,49859,10429379,4781,Tax Policy Center / Census of Governments,
Georgia,2019,53695,10617423,5057,Tax Policy Center / Census of Governments,
Georgia,2021,70472,10799566,6525,Tax Policy Center / Census of Governments,
Georgia,2023,68519,11029227,6212,"Census Bureau (timeseries/govsstatefin, SF0132)",
Georgia,2024,76399,11180878,6833,KFF/NASBO (auto-scraped),
Hawaii,2015,11864,1431603,8287,Tax Policy Center / Census of Governments,
Hawaii,2017,12694,1427538,8892,Tax Policy Center / Census of Governments,
Hawaii,2019,14297,1415872,10098,Tax Policy Center / Census of Governments,
Hawaii,2021,16706,1441553,11589,Tax Policy Center / Census of Governments,
Hawaii,2023,17122,1435138,11931,"Census Bureau (timeseries/govsstatefin, SF0132)",
Hawaii,2024,20157,1446146,13938,KFF/NASBO (auto-scraped),
Idaho,2015,9503,1654930,5742,Tax Policy Center / Census of Governments,
Idaho,2017,9624,1716943,5605,Tax Policy Center / Census of Governments,
Idaho,2019,11191,1787065,6262,Tax Policy Center / Census of Governments,
Idaho,2021,13291,1900923,6992,Tax Policy Center / Census of Governments,
Idaho,2023,14374,1964726,7316,"Census Bureau (timeseries/govsstatefin, SF0132)",
Idaho,2024,12128,2001619,6059,KFF/NASBO (auto-scraped),
Illinois,2015,85262,12859995,6630,Tax Policy Center / Census of Governments,
Illinois,2017,87801,12802023,6858,Tax Policy Center / Census of Governments,
Illinois,2019,90726,12671821,7160,Tax Policy Center / Census of Governments,
Illinois,2021,114449,12671469,9032,Tax Policy Center / Census of Governments,
Illinois,2023,115036,12549689,9166,"Census Bureau (timeseries/govsstatefin, SF0132)",
Illinois,2024,139766,12710158,10996,KFF/NASBO (auto-scraped),
Indiana,2015,37406,6619680,5651,Tax Policy Center / Census of Governments,
Indiana,2017,40911,6666818,6137,Tax Policy Center / Census of Governments,
Indiana,2019,43035,6732219,6392,Tax Policy Center / Census of Governments,
Indiana,2021,50906,6805985,7480,Tax Policy Center / Census of Governments,
Indiana,2023,51548,6862199,7512,"Census Bureau (timeseries/govsstatefin, SF0132)",
Indiana,2024,50776,6924275,7333,KFF/NASBO (auto-scraped),
Iowa,2015,22478,3123899,7195,Tax Policy Center / Census of Governments,
Iowa,2017,22720,3145711,7223,Tax Policy Center / Census of Governments,
Iowa,2019,24457,3155070,7752,Tax Policy Center / Census of Governments,
Iowa,2021,28676,3193079,8981,Tax Policy Center / Census of Governments,
Iowa,2023,27376,3207004,8536,"Census Bureau (timeseries/govsstatefin, SF0132)",
Iowa,2024,31610,3241488,9752,KFF/NASBO (auto-scraped),
Kansas,2015,17749,2911641,6096,Tax Policy Center / Census of Governments,
Kansas,2017,19543,2913123,6709,Tax Policy Center / Census of Governments,
Kansas,2019,20580,2913314,7064,Tax Policy Center / Census of Governments,
Kansas,2021,24460,2934582,8335,Tax Policy Center / Census of Governments,
Kansas,2023,26771,2940547,9104,"Census Bureau (timeseries/govsstatefin, SF0132)",
Kansas,2024,24286,2970606,8175,KFF/NASBO (auto-scraped),
Kentucky,2015,33975,4425092,7678,Tax Policy Center / Census of Governments,
Kentucky,2017,34870,4454189,7829,Tax Policy Center / Census of Governments,
Kentucky,2019,35568,4467673,7961,Tax Policy Center / Census of Governments,
Kentucky,2021,42541,4509394,9434,Tax Policy Center / Census of Governments,
Kentucky,2023,44697,4526154,9875,"Census Bureau (timeseries/govsstatefin, SF0132)",
Kentucky,2024,50899,4588372,11093,KFF/NASBO (auto-scraped),
Louisiana,2015,30615,4670724,6555,Tax Policy Center / Census of Governments,
Louisiana,2017,33898,4684333,7236,Tax Policy Center / Census of Governments,
Louisiana,2019,36201,4648794,7787,Tax Policy Center / Census of Governments,
Louisiana,2021,42692,4624047,9233,Tax Policy Center / Census of Governments,
Louisiana,2023,43803,4573749,9577,"Census Bureau (timeseries/govsstatefin, SF0132)",
Louisiana,2024,43274,4597740,9412,KFF/NASBO (auto-scraped),
Maine,2015,8605,1329328,6473,Tax Policy Center / Census of Governments,
Maine,2017,9174,1335907,6867,Tax Policy Center / Census of Governments,
Maine,2019,9769,1344212,7267,Tax Policy Center / Census of Governments,
Maine,2021,11860,1372247,8643,Tax Policy Center / Census of Governments,
Maine,2023,13387,1395722,9591,"Census Bureau (timeseries/govsstatefin, SF0132)",
Maine,2024,13110,1405012,9331,KFF/NASBO (auto-scraped),
Maryland,2015,43311,6006401,7211,Tax Policy Center / Census of Governments,
Maryland,2017,45719,6052177,7554,Tax Policy Center / Census of Governments,
Maryland,2019,48219,6045680,7976,Tax Policy Center / Census of Governments,
Maryland,2021,57678,6165129,9356,Tax Policy Center / Census of Governments,
Maryland,2023,59557,6180253,9637,"Census Bureau (timeseries/govsstatefin, SF0132)",
Maryland,2024,67707,6263220,10810,KFF/NASBO (auto-scraped),
Massachusetts,2015,67133,6794422,9881,Tax Policy Center / Census of Governments,
Massachusetts,2017,65540,6859819,9554,Tax Policy Center / Census of Governments,
Massachusetts,2019,69323,6892503,10058,Tax Policy Center / Census of Governments,
Massachusetts,2021,84962,6984723,12164,Tax Policy Center / Census of Governments,
Massachusetts,2023,81963,7001399,11707,"Census Bureau (timeseries/govsstatefin, SF0132)",
Massachusetts,2024,83659,7136171,11723,KFF/NASBO (auto-scraped),
Michigan,2015,67662,9922576,6819,Tax Policy Center / Census of Governments,
Michigan,2017,72109,9962311,7238,Tax Policy Center / Census of Governments,
Michigan,2019,80522,9986857,8063,Tax Policy Center / Census of Governments,
Michigan,2021,89051,10050811,8860,Tax Policy Center / Census of Governments,
Michigan,2023,90815,10037261,9048,"Census Bureau (timeseries/govsstatefin, SF0132)",
Michigan,2024,85848,10140459,8466,KFF/NASBO (auto-scraped),
Minnesota,2015,43076,5489594,7847,Tax Policy Center / Census of Governments,
Minnesota,2017,47318,5576606,8485,Tax Policy Center / Census of Governments,
Minnesota,2019,50625,5639632,8977,Tax Policy Center / Census of Governments,
Minnesota,2021,59821,5707390,10481,Tax Policy Center / Census of Governments,
Minnesota,2023,56402,5737915,9830,"Census Bureau (timeseries/govsstatefin, SF0132)",
Minnesota,2024,63470,5793151,10956,KFF/NASBO (auto-scraped),
Mississippi,2015,21140,2992333,7065,Tax Policy Center / Census of Governments,
Mississippi,2017,22361,2984100,7493,Tax Policy Center / Census of Governments,
Mississippi,2019,22792,2976149,7658,Tax Policy Center / Census of Governments,
Mississippi,2021,25256,2949965,8561,Tax Policy Center / Census of Governments,
Mississippi,2023,24936,2939690,8483,"Census Bureau (timeseries/govsstatefin, SF0132)",
Mississippi,2024,25618,2943045,8705,KFF/NASBO (auto-scraped),
Missouri,2015,32251,6083672,5301,Tax Policy Center / Census of Governments,
Missouri,2017,34184,6113532,5592,Tax Policy Center / Census of Governments,
Missouri,2019,36002,6137428,5866,Tax Policy Center / Census of Governments,
Missouri,2021,40620,6168187,6585,Tax Policy Center / Census of Governments,
Missouri,2023,44359,6196156,7159,"Census Bureau (timeseries/govsstatefin, SF0132)",
Missouri,2024,41708,6245466,6678,KFF/NASBO (auto-scraped),
Montana,2015,6734,1032949,6519,Tax Policy Center / Census of Governments,
Montana,2017,7821,1050493,7445,Tax Policy Center / Census of Governments,
Montana,2019,8061,1068778,7542,Tax Policy Center / Census of Governments,
Montana,2021,9241,1104271,8368,Tax Policy Center / Census of Governments,
Montana,2023,8770,1132812,7742,"Census Bureau (timeseries/govsstatefin, SF0132)",
Montana,2024,10024,1137233,8814,KFF/NASBO (auto-scraped),
Nebraska,2015,10376,1896190,5472,Tax Policy Center / Census of Governments,
Nebraska,2017,10946,1920076,5701,Tax Policy Center / Census of Governments,
Nebraska,2019,11259,1934408,5820,Tax Policy Center / Census of Governments,
Nebraska,2021,13976,1963692,7117,Tax Policy Center / Census of Governments,
Nebraska,2023,15058,1978379,7611,"Census Bureau (timeseries/govsstatefin, SF0132)",
Nebraska,2024,18508,2005466,9229,KFF/NASBO (auto-scraped),
Nevada,2015,14080,2890845,4871,Tax Policy Center / Census of Governments,
Nevada,2017,16278,2998039,5430,Tax Policy Center / Census of Governments,
Nevada,2019,17798,3080156,5778,Tax Policy Center / Census of Governments,
Nevada,2021,22147,3143991,7044,Tax Policy Center / Census of Governments,
Nevada,2023,23756,3194176,7437,"Census Bureau (timeseries/govsstatefin, SF0132)",
Nevada,2024,19836,3267467,6071,KFF/NASBO (auto-scraped),
New Hampshire,2015,8010,1330608,6020,Tax Policy Center / Census of Governments,
New Hampshire,2017,8822,1342795,6570,Tax Policy Center / Census of Governments,
New Hampshire,2019,9069,1359711,6670,Tax Policy Center / Census of Governments,
New Hampshire,2021,10828,1388992,7796,Tax Policy Center / Census of Governments,
New Hampshire,2023,10726,1402054,7650,"Census Bureau (timeseries/govsstatefin, SF0132)",
New Hampshire,2024,8546,1409032,6065,KFF/NASBO (auto-scraped),
New Jersey,2015,76153,8958013,8501,Tax Policy Center / Census of Governments,
New Jersey,2017,82036,9005644,9109,Tax Policy Center / Census of Governments,
New Jersey,2019,88909,8882190,10010,Tax Policy Center / Census of Governments,
New Jersey,2021,98743,9267130,10655,Tax Policy Center / Census of Governments,
New Jersey,2023,93977,9290841,10115,"Census Bureau (timeseries/govsstatefin, SF0132)",
New Jersey,2024,91287,9500851,9608,KFF/NASBO (auto-scraped),
New Mexico,2015,20636,2085109,9897,Tax Policy Center / Census of Governments,
New Mexico,2017,20774,2088070,9949,Tax Policy Center / Census of Governments,
New Mexico,2019,22026,2096829,10504,Tax Policy Center / Census of Governments,
New Mexico,2021,27429,2115877,12963,Tax Policy Center / Census of Governments,
New Mexico,2023,31109,2114371,14713,"Census Bureau (timeseries/govsstatefin, SF0132)",
New Mexico,2024,27690,2130256,12998,KFF/NASBO (auto-scraped),
New York,2015,189878,19795791,9592,Tax Policy Center / Census of Governments,
New York,2017,200270,19849399,10089,Tax Policy Center / Census of Governments,
New York,2019,217076,19453561,11159,Tax Policy Center / Census of Governments,
New York,2021,240386,19835913,12119,Tax Policy Center / Census of Governments,
New York,2023,244610,19571216,12498,"Census Bureau (timeseries/govsstatefin, SF0132)",
New York,2024,234867,19867248,11822,KFF/NASBO (auto-scraped),
North Carolina,2015,54977,10042802,5474,Tax Policy Center / Census of Governments,
North Carolina,2017,58188,10273419,5664,Tax Policy Center / Census of Governments,
North Carolina,2019,64384,10488084,6139,Tax Policy Center / Census of Governments,
North Carolina,2021,74822,10551162,7091,Tax Policy Center / Census of Governments,
North Carolina,2023,79259,10835491,7315,"Census Bureau (timeseries/govsstatefin, SF0132)",
North Carolina,2024,70371,11046024,6371,KFF/NASBO (auto-scraped),
North Dakota,2015,7942,756928,10492,Tax Policy Center / Census of Governments,
North Dakota,2017,7814,755393,10344,Tax Policy Center / Census of Governments,
North Dakota,2019,7754,762062,10175,Tax Policy Center / Census of Governments,
North Dakota,2021,9218,774948,11895,Tax Policy Center / Census of Governments,
North Dakota,2023,9332,783926,11904,"Census Bureau (timeseries/govsstatefin, SF0132)",
North Dakota,2024,7466,796568,9373,KFF/NASBO (auto-scraped),
Ohio,2015,82701,11613423,7121,Tax Policy Center / Census of Governments,
Ohio,2017,87450,11658609,7501,Tax Policy Center / Census of Governments,
Ohio,2019,90236,11689100,7720,Tax Policy Center / Census of Governments,
Ohio,2021,103870,11780017,8817,Tax Policy Center / Census of Governments,
Ohio,2023,97348,11785935,8260,"Census Bureau (timeseries/govsstatefin, SF0132)",
Ohio,2024,99702,11883304,8390,KFF/NASBO (auto-scraped),
Oklahoma,2015,24157,3911338,6176,Tax Policy Center / Census of Governments,
Oklahoma,2017,25305,3930864,6438,Tax Policy Center / Census of Governments,
Oklahoma,2019,25195,3956971,6367,Tax Policy Center / Census of Governments,
Oklahoma,2021,29938,3986639,7510,Tax Policy Center / Census of Governments,
Oklahoma,2023,33617,4053824,8293,"Census Bureau (timeseries/govsstatefin, SF0132)",
Oklahoma,2024,27928,4095393,6819,KFF/NASBO (auto-scraped),
Oregon,2015,34496,4028977,8562,Tax Policy Center / Census of Governments,
Oregon,2017,36395,4142776,8785,Tax Policy Center / Census of Governments,
Oregon,2019,40838,4217737,9682,Tax Policy Center / Census of Governments,
Oregon,2021,49916,4246155,11756,Tax Policy Center / Census of Governments,
Oregon,2023,50770,4233358,11993,"Census Bureau (timeseries/govsstatefin, SF0132)",
Oregon,2024,58494,4272371,13691,KFF/NASBO (auto-scraped),
Pennsylvania,2015,90222,12802503,7047,Tax Policy Center / Census of Governments,
Pennsylvania,2017,103914,12805537,8115,Tax Policy Center / Census of Governments,
Pennsylvania,2019,108796,12801989,8498,Tax Policy Center / Census of Governments,
Pennsylvania,2021,125185,12964056,9656,Tax Policy Center / Census of Governments,
Pennsylvania,2023,125516,12961683,9684,"Census Bureau (timeseries/govsstatefin, SF0132)",
Pennsylvania,2024,119040,13078751,9102,KFF/NASBO (auto-scraped),
Rhode Island,2015,8901,1056298,8427,Tax Policy Center / Census of Governments,
Rhode Island,2017,9177,1059639,8660,Tax Policy Center / Census of Governments,
Rhode Island,2019,9854,1059361,9302,Tax Policy Center / Census of Governments,
Rhode Island,2021,11882,1095610,10845,Tax Policy Center / Census of Governments,
Rhode Island,2023,11695,1095962,10671,"Census Bureau (timeseries/govsstatefin, SF0132)",
Rhode Island,2024,12778,1112308,11488,KFF/NASBO (auto-scraped),
South Carolina,2015,30367,4896146,6202,Tax Policy Center / Census of Governments,
South Carolina,2017,33166,5024369,6601,Tax Policy Center / Census of Governments,
South Carolina,2019,34267,5148714,6655,Tax Policy Center / Census of Governments,
South Carolina,2021,39703,5190705,7649,Tax Policy Center / Census of Governments,
South Carolina,2023,44099,5373555,8207,"Census Bureau (timeseries/govsstatefin, SF0132)",
South Carolina,2024,40239,5478831,7344,KFF/NASBO (auto-scraped),
South Dakota,2015,4774,858469,5561,Tax Policy Center / Census of Governments,
South Dakota,2017,5163,869666,5937,Tax Policy Center / Census of Governments,
South Dakota,2019,5385,884659,6087,Tax Policy Center / Census of Governments,
South Dakota,2021,7186,895376,8026,Tax Policy Center / Census of Governments,
South Dakota,2023,6550,919318,7125,"Census Bureau (timeseries/govsstatefin, SF0132)",
South Dakota,2024,6874,924669,7434,KFF/NASBO (auto-scraped),
Tennessee,2015,30660,6600299,4645,Tax Policy Center / Census of Governments,
Tennessee,2017,35178,6715984,5238,Tax Policy Center / Census of Governments,
Tennessee,2019,35241,6829174,5160,Tax Policy Center / Census of Governments,
Tennessee,2021,42283,6975218,6062,Tax Policy Center / Census of Governments,
Tennessee,2023,44881,7126489,6298,"Census Bureau (timeseries/govsstatefin, SF0132)",
Tennessee,2024,53078,7227750,7344,KFF/NASBO (auto-scraped),
Texas,2015,136514,27469114,4970,Tax Policy Center / Census of Governments,
Texas,2017,147129,28304596,5198,Tax Policy Center / Census of Governments,
Texas,2019,164226,28995881,5664,Tax Policy Center / Census of Governments,
Texas,2021,200493,29527941,6790,Tax Policy Center / Census of Governments,
Texas,2023,196802,30503301,6452,"Census Bureau (timeseries/govsstatefin, SF0132)",
Texas,2024,144593,31290831,4621,KFF/NASBO (auto-scraped),
Utah,2015,18360,2995919,6128,Tax Policy Center / Census of Governments,
Utah,2017,20355,3101833,6562,Tax Policy Center / Census of Governments,
Utah,2019,23021,3205958,7181,Tax Policy Center / Census of Governments,
Utah,2021,27773,3337975,8320,Tax Policy Center / Census of Governments,
Utah,2023,30244,3417734,8849,"Census Bureau (timeseries/govsstatefin, SF0132)",
Utah,2024,25901,3503613,7393,KFF/NASBO (auto-scraped),
Vermont,2015,6662,626042,10641,Tax Policy Center / Census of Governments,
Vermont,2017,6853,623657,10988,Tax Policy Center / Census of Governments,
Vermont,2019,7029,623989,11265,Tax Policy Center / Census of Governments,
Vermont,2021,10193,645570,15789,Tax Policy Center / Census of Governments,
Vermont,2023,9094,647464,14046,"Census Bureau (timeseries/govsstatefin, SF0132)",
Vermont,2024,8348,648493,12873,KFF/NASBO (auto-scraped),
Virginia,2015,50214,8382993,5990,Tax Policy Center / Census of Governments,
Virginia,2017,53645,8470020,6334,Tax Policy Center / Census of Governments,
Virginia,2019,59464,8535519,6967,Tax Policy Center / Census of Governments,
Virginia,2021,70804,8642274,8193,Tax Policy Center / Census of Governments,
Virginia,2023,78551,8715698,9013,"Census Bureau (timeseries/govsstatefin, SF0132)",
Virginia,2024,83987,8811195,9532,KFF/NASBO (auto-scraped),
Washington,2015,51606,7170351,7197,Tax Policy Center / Census of Governments,
Washington,2017,56042,7405743,7567,Tax Policy Center / Census of Governments,
Washington,2019,60239,7614893,7911,Tax Policy Center / Census of Governments,
Washington,2021,75384,7738692,9741,Tax Policy Center / Census of Governments,
Washington,2023,74391,7812880,9522,"Census Bureau (timeseries/govsstatefin, SF0132)",
Washington,2024,74676,7958180,9384,KFF/NASBO (auto-scraped),
West Virginia,2015,14253,1844128,7729,Tax Policy Center / Census of Governments,
West Virginia,2017,14677,1815857,8083,Tax Policy Center / Census of Governments,
West Virginia,2019,15260,1792147,8515,Tax Policy Center / Census of Governments,
West Virginia,2021,17957,1782959,10071,Tax Policy Center / Census of Governments,
West Virginia,2023,18165,1770071,10262,"Census Bureau (timeseries/govsstatefin, SF0132)",
West Virginia,2024,25816,1769979,14585,KFF/NASBO (auto-scraped),
Wisconsin,2015,42768,5771337,7410,Tax Policy Center / Census of Governments,
Wisconsin,2017,42386,5795483,7314,Tax Policy Center / Census of Governments,
Wisconsin,2019,43839,5822434,7529,Tax Policy Center / Census of Governments,
Wisconsin,2021,50472,5895908,8561,Tax Policy Center / Census of Governments,
Wisconsin,2023,51663,5910955,8740,"Census Bureau (timeseries/govsstatefin, SF0132)",
Wisconsin,2024,66256,5960975,11115,KFF/NASBO (auto-scraped),
Wyoming,2015,6148,586107,10490,Tax Policy Center / Census of Governments,
Wyoming,2017,6468,579315,11165,Tax Policy Center / Census of Governments,
Wyoming,2019,6182,578759,10681,Tax Policy Center / Census of Governments,
Wyoming,2021,7495,578803,12949,Tax Policy Center / Census of Governments,
Wyoming,2023,5952,584057,10191,"Census Bureau (timeseries/govsstatefin, SF0132)",
Wyoming,2024,5587,587618,9508,KFF/NASBO (auto-scraped),
